Url,Liste_Fiyat
https://www.sahibinden.com/ilan/emlak-konut-kiralik-korfez-de-full-deniz-manzarali-1-plus1-95-m2-home-ofis-1290310198/detay,33.500 TL
https://www.sahibinden.com/ilan/emlak-konut-kiralik-cakirlar-yali-mah-kiralik-yazlik-cok-uygun-1284672917/detay,35.000 TL
https://www.sahibinden.com/ilan/emlak-konut-kiralik-doga-manzarali-sahibinden-sb2f-hastalik-sebebiyle-kiralik-21-acik-otopark-846848929/detay,33.500 TL
https://www.sahibinden.com/ilan/emlak-konut-kiralik-deniz-manzarali-esyali-kiralik-2-plus1-daire-1289877509/detay,15.000 TL
https://www.sahibinden.com/ilan/emlak-konut-kiralik-zuhal-pepe-den-atakum-denizevlerinde-kiralik-4-plus1-daire-1265198468/detay,37.000 TL
https://www.sahibinden.com/ilan/emlak-konut-kiralik-kisa-ve-uzun-sureligine-abonelikler-acik-esyali-kiralik-1-plus1daire-1289493093/detay,15.000 TL
https://www.sahibinden.com/ilan/emlak-konut-kiralik-zuhal-pepe-den-atakum-denizevlerin-de-kiralik-dublex-daire-1274235885/detay,32.500 TL
https://www.sahibinden.com/ilan/emlak-konut-kiralik-atakum-cumhuriyet-mah-katta-1-plus1-50-m2-kullanilmamis-daire-1165945362/detay,15.000 TL
https://www.sahibinden.com/ilan/emlak-konut-kiralik-pamuklu-bulvarinda-esyali-tranvaya-200mt-1-plus1-kiralik-daire-1285258155/detay,15.000 TL
https://www.sahibinden.com/ilan/emlak-konut-kiralik-cesa-dan-atakum-da-ayri-mutfak-ebeveyn-banyolu-kiralik-2-plus1-1284647069/detay,19.000 TL
https://www.sahibinden.com/ilan/emlak-konut-kiralik-korfez-tramvay-altinda-deniz-manzarali-kiralik-1-plus1-daire-1279092643/detay,16.000 TL
https://www.sahibinden.com/ilan/emlak-konut-kiralik-omurevlerinde-full-deniz-manzarali-site-icinde-kiralik-3-plus1-daire-1278882880/detay,23.000 TL
https://www.sahibinden.com/ilan/emlak-konut-kiralik-aygun-gayrimenkul-den-sifir-esyali-kiralik-daire-1265295671/detay,14.250 TL
https://www.sahibinden.com/ilan/emlak-konut-kiralik-kurupelit-tramvay-duragina-cok-yakin-kiralik-1-plus1-esyali-daire-1266888677/detay,14.000 TL
https://www.sahibinden.com/ilan/emlak-konut-kiralik-ara-kat-yerden-isitmali-ankastre-takili-kiralik-luks-daire-1285092876/detay,10.500 TL
"https://www.sahibinden.com/ilan/emlak-konut-kiralik-korfezde-tramvaya-yakin-firsat-deniz-manzarali,genis-1-plus1-1290291974/detay",10.500 TL
https://www.sahibinden.com/ilan/emlak-konut-kiralik-emlak-kent-ten-bulvara-cephe-ara-kat-sifir-1-plus1-daire-1272464953/detay,10.000 TL
https://www.sahibinden.com/ilan/emlak-konut-kiralik-pelitkoy-tranway-duragina-2-dakika-1-plus1-kiralik-esyasiz-daire-1283218026/detay,13.500 TL
https://www.sahibinden.com/ilan/emlak-konut-kiralik-revizyon-semih-tigli-dan-deniz-manzarali-2-plus1-kiralik-daire-1285094097/detay,21.000 TL
https://www.sahibinden.com/ilan/emlak-konut-kiralik-19-mayis-bulvari-yakin-kiralik-2-plus1-yuksek-giris-1287340830/detay,14.500 TL
https://www.sahibinden.com/ilan/emlak-konut-kiralik-samyaptan-yeni-mahalle-tramvaya-cephe-3-plus1-daire-1285417068/detay,26.900 TL
https://www.sahibinden.com/ilan/emlak-konut-kiralik-alya-prime-dan-abonelikleri-acik-sifir-esyali-deniz-manzarali-1285406052/detay,15.000 TL
https://www.sahibinden.com/ilan/emlak-konut-kiralik-yatirim-gayrimenkul-den-atakum-yeni-mah.ful-esyali-kiralik-1-plus1-1285425923/detay,17.000 TL
https://www.sahibinden.com/ilan/emlak-konut-kiralik-atasand-gayrimenkul-den-deniz-manzarali-kiralik-1-plus1-daire-1273100335/detay,13.500 TL
https://www.sahibinden.com/ilan/emlak-konut-kiralik-bulut-emlaktan-denize-300m-ferah-3-plus1-daire-1285437104/detay,18.500 TL
https://www.sahibinden.com/ilan/emlak-konut-kiralik-samyap-huseyin-seven-den-atakum-yenimahalle-de-kiralik-1-plus1-daire-1285476110/detay,12.500 TL
https://www.sahibinden.com/ilan/emlak-konut-kiralik-korfez-tramvaya-yakin-esyali-kiralik-1-plus1-daire-1285502018/detay,13.450 TL
https://www.sahibinden.com/ilan/emlak-konut-kiralik-remax-kuzey-sabri-den-tramvay-alti-esyali-1-plus1-kiralik-1285513658/detay,15.750 TL
https://www.sahibinden.com/ilan/emlak-konut-kiralik-31-genis-lux-acik-otopark-sb2f-uygun-var-daire-846778735/detay,13.450 TL
https://www.sahibinden.com/ilan/emlak-konut-kiralik-taner-plus-gayr-dan-kiralik-3-plus1-daire-1285055007/detay,23.000 TL
https://www.sahibinden.com/ilan/emlak-konut-kiralik-atakentte-3-plus1-daire-1272638352/detay,27.000 TL
https://www.sahibinden.com/ilan/emlak-konut-kiralik-garanti-den-atakum-korfez-de-kiralik-2-plus1-daire-1291051821/detay,18.000 TL
https://www.sahibinden.com/ilan/emlak-konut-kiralik-sahibinden-kiralik-1-plus1-1291040554/detay,15.500 TL
https://www.sahibinden.com/ilan/emlak-konut-kiralik-19-mayis-bulvari-ile-cagaloglu-arasinda-1-plus1-kiralik-daire-1255188923/detay,15.000 TL
https://www.sahibinden.com/ilan/emlak-konut-kiralik-atakum-korfez-aziz-isik-bulvarina-cephe-kiralik-1-plus1-cam-balkonlu-1267589382/detay,10.000 TL
https://www.sahibinden.com/ilan/emlak-konut-kiralik-via-reform-atakentte-koridorlu-ara-kat-sifir-esyali-1-plus1-1291040572/detay,15.500 TL
https://www.sahibinden.com/ilan/emlak-konut-kiralik-kiralik-ebeveyn-banyolu-cift-balkonlu-genis-aile-evi-1291037038/detay,30.000 TL
https://www.sahibinden.com/ilan/emlak-konut-kiralik-istenc-yapidan-tramvaya-yakin-konsept-kiralik-1291039543/detay,16.000 TL
https://www.sahibinden.com/ilan/emlak-konut-kiralik-marka-dan-toplu-konut-bulvarinda-sifir-lux-kiralik-1-plus1-daire-1288296612/detay,9.000 TL
https://www.sahibinden.com/ilan/emlak-konut-kiralik-marka-dan-atakent-19-mayis-bulvarinda-esyali-kiralik-1-plus1-daire-1288299057/detay,14.000 TL
https://www.sahibinden.com/ilan/emlak-konut-kiralik-yenimahalle-kavsaginda-sahile-1-dk-esyasiz-kiralik-1-plus1-1226207822/detay,15.000 TL
https://www.sahibinden.com/ilan/emlak-konut-kiralik-revizyon-dan-korfez-sitesinde-kiralik-3-plus1-daire-1285107868/detay,24.000 TL
https://www.sahibinden.com/ilan/emlak-konut-kiralik-revizyon-dan-korfez-sitesinde-kiralik-3-plus1-daire-1285107868/detay,24.000 TL
https://www.sahibinden.com/ilan/emlak-konut-kiralik-oztas-yapidan-kiralik-2-plus1-daire-deniz-manzarali-guney-cephe-1272473300/detay,18.500 TL
https://www.sahibinden.com/ilan/emlak-konut-kiralik-incesu-da-kiralik-esyali-daire-1268814608/detay,13.000 TL
https://www.sahibinden.com/ilan/emlak-konut-kiralik-ultra-lux-esyali-deniz-manzarali-merkezi-konumda-genis-1-plus1-1248728205/detay,20.000 TL
https://www.sahibinden.com/ilan/emlak-konut-kiralik-19-mayis-bulvarinda-genis-ve-luks-daire-1291021948/detay,17.500 TL
https://www.sahibinden.com/ilan/emlak-konut-kiralik-b.k-kesim-den-turkis-merkezde-muayeneye-uygun200m2-kiralik-ofis-1291022301/detay,80.000 TL
https://www.sahibinden.com/ilan/emlak-konut-kiralik-tramvaya-1-sokak-deniz-manzarali-esyali-1-plus1-1285254816/detay,14.500 TL
https://www.sahibinden.com/ilan/emlak-konut-kiralik-yenimahalle-de-tramvay-a-1-sokak-mesafe-de-kiralik-1-plus1-daire-1291016244/detay,15.000 TL
https://www.sahibinden.com/ilan/emlak-konut-kiralik-bulut-emlak-toplu-ulasima-yakin-genis-kiralik-1-plus1-1285428367/detay,10.000 TL
https://www.sahibinden.com/ilan/emlak-konut-kiralik-bulut-emlak-tan-kiralik-2-plus1-daire-1285451820/detay,25.000 TL
https://www.sahibinden.com/ilan/emlak-konut-kiralik-atakum-3-plus1-ters-dubleks-daire-kiralik-1273377365/detay,21.000 TL
https://www.sahibinden.com/ilan/emlak-konut-kiralik-atasehir-den-atakent-te-cagalogluna-yakin-mutfak-salon-ayri-2-plus1-1285419470/detay,20.500 TL
https://www.sahibinden.com/ilan/emlak-konut-kiralik-fbm-rezidans-da-luxury-sifir-esyali-konforlu-genis-1-plus1-daireler-1285340960/detay,20.000 TL
https://www.sahibinden.com/ilan/emlak-konut-kiralik-atakent-de-sahile-yurume-mesafesinde-ultra-luxury-2-plus1-daire-1124844331/detay,30.000 TL
https://www.sahibinden.com/ilan/emlak-konut-kiralik-garanti-den-atakum-nisantasi-cd-kiralik-2-plus1-daire-1291000008/detay,27.500 TL
https://www.sahibinden.com/ilan/emlak-konut-kiralik-samsun-atakum-yenimahalle-mah-kiralik-2-plus1-site-ici-daire-1285402211/detay,27.500 TL
https://www.sahibinden.com/ilan/emlak-konut-kiralik-ara-kat-cam-balkonlu-ebeveynli-genis-kiralik-3-plus1-daire-1291007925/detay,25.000 TL
https://www.sahibinden.com/ilan/emlak-konut-kiralik-realtek-gayrimenkul-den-atakum-da-1-plus1-esyali-lux-sifir-daire-1225354439/detay,16.000 TL
https://www.sahibinden.com/ilan/emlak-konut-kiralik-esyali-atakum-korfez-1-plus1-kiralik-tramvaya-100-metre-1274203249/detay,16.500 TL
https://www.sahibinden.com/ilan/emlak-konut-kiralik-buyukoyumca-da-kiralik-1-plus1-daire-1290998902/detay,10.450 TL
https://www.sahibinden.com/ilan/emlak-konut-kiralik-remax-parla-dan-tramvaya-1-dk-yurume-mesafede-kiralik-2-plus1-daire-1285291723/detay,22.000 TL
https://www.sahibinden.com/ilan/emlak-konut-kiralik-samyap-tan-turkis-merkezinde-tadilatli-ara-kat-3-plus1-daire-1290992699/detay,25.000 TL
https://www.sahibinden.com/ilan/emlak-konut-kiralik-devyap-tan-kiralik-1-plus1-1290994965/detay,17.000 TL
https://www.sahibinden.com/ilan/emlak-konut-kiralik-bilge-emlaktan-gokdelenler-bolgesinde-bulvara-cephe-2-plus1-kiralik-1273349748/detay,23.000 TL
https://www.sahibinden.com/ilan/emlak-konut-kiralik-atakum-beypinar-da-sifir-luks-genis-1-plus1-kiralik-daire-1273320943/detay,12.000 TL
https://www.sahibinden.com/ilan/emlak-konut-kiralik-omurleri-konumda-1-plus1-kiralik-daire-1282171033/detay,18.000 TL
https://www.sahibinden.com/ilan/emlak-konut-kiralik-depozitosuz-tramvayin-dibi-full-esyali-1-plus1-daire-1290986274/detay,14.250 TL
https://www.sahibinden.com/ilan/emlak-konut-kiralik-yok-acik-otopark-cok-uygun-sb2f-kiralik-bu-fiyata-yok-ferah-846825845/detay,25.000 TL
https://www.sahibinden.com/ilan/emlak-konut-kiralik-atakum-yenimahallede-ful-manzara-esyali-kiralik-1290991262/detay,18.500 TL
https://www.sahibinden.com/ilan/emlak-konut-kiralik-hedeften-univ-eczaneler-tramvay-duraginda-kiralik-1-plus1-esy.daire-1290984524/detay,14.000 TL
https://www.sahibinden.com/ilan/emlak-konut-kiralik-turkev-emlak-samet-sayar-dan-esenevler-de-kiralik-1-plus1-daire-1267143476/detay,14.000 TL
https://www.sahibinden.com/ilan/emlak-konut-kiralik-atakum-guzelyali-mah-kiralik-3-plus1-daire-1279315015/detay,25.000 TL
https://www.sahibinden.com/ilan/emlak-konut-kiralik-genis-kullanisli-kurumsal-marketlere-yakin-1266379903/detay,9.800 TL
https://www.sahibinden.com/ilan/emlak-konut-kiralik-cb-amaozn-gayrimenkul-den-4-plus1-luks-kiralik-villa-1283554756/detay,175.000 TL
https://www.sahibinden.com/ilan/emlak-konut-kiralik-alan-emlak-depozito-yok-mukemmel-konum-tramvaya-yakin-ara-kat-1290970041/detay,18.500 TL
https://www.sahibinden.com/ilan/emlak-konut-kiralik-panorama-evleri-1-plus1-esyali-1285361394/detay,13.000 TL
https://www.sahibinden.com/ilan/emlak-konut-kiralik-atakent-mah.sahile-50mt-klimali-net-70m-terasli-esyali-1-plus1-1290970257/detay,18.000 TL
https://www.sahibinden.com/ilan/emlak-konut-kiralik-ozkurt-inssat-emlak-tan-mevlana-da-kiralik-luks-esyali-1-plus1-1284124875/detay,19.000 TL
https://www.sahibinden.com/ilan/emlak-konut-kiralik-full-esyali-bulvara-cephe-kiralik-1-plus1-daire-1274186831/detay,15.500 TL
https://www.sahibinden.com/ilan/emlak-konut-kiralik-pehlivan-gayrimenkulden-2-plus1-esyali-kiralik-daire-1290837610/detay,18.500 TL
https://www.sahibinden.com/ilan/emlak-konut-kiralik-yatirim-plus-tan-cagalogluna-yakin-sifir-kiralik-1-plus1-daire-1279255061/detay,14.000 TL
https://www.sahibinden.com/ilan/emlak-konut-kiralik-mevlana-mahallesi-1-plus1-bos-daire-bornova-caddesi-ust-sokaginda-1285358258/detay,7.500 TL
https://www.sahibinden.com/ilan/emlak-konut-kiralik-atakum-da-mutfak-ayri-kiralik-2-plus1-1285217184/detay,20.000 TL
https://www.sahibinden.com/ilan/emlak-konut-kiralik-ekip-emlak-bahcesehir-koleji-yani-bulvara-2-bina-luks-3-plus1-1290955289/detay,27.500 TL
https://www.sahibinden.com/ilan/emlak-konut-kiralik-akman-sahile-200m-tramvay-alti-cam-balkonlu-ultra-luks-2-plus1-daire-1284961963/detay,23.000 TL
https://www.sahibinden.com/ilan/emlak-konut-kiralik-korfezde-kiralik-2-plus1-salon-mutfak-bir-sik-daire-1290949249/detay,16.000 TL
https://www.sahibinden.com/ilan/emlak-konut-kiralik-durak-emlaktan-mevlana-da-sifir-esyali-kiralik-2-plus1-luks-daire-1290728739/detay,25.000 TL
https://www.sahibinden.com/ilan/emlak-konut-kiralik-truva-onur-gunduzcu-den-cagalogluna-cephe-genis-kiralik-3-plus1-1290943310/detay,35.000 TL
https://www.sahibinden.com/ilan/emlak-konut-kiralik-atakum-sammarin-evleri-nde-full-deniz-manzarali-3-plus1-kiralik-dair-1285287276/detay,37.000 TL
https://www.sahibinden.com/ilan/emlak-konut-kiralik-acik-otopark-merkezi-konum-acil-emsalsiz-konumda-sb2f-21-var-846863781/detay,25.000 TL
https://www.sahibinden.com/ilan/emlak-konut-kiralik-bulut-emlak-turk-is-medikal-park-kiralik-esyali-3-plus1-1224256881/detay,39.500 TL
https://www.sahibinden.com/ilan/emlak-konut-kiralik-guzelyali-sahile-ikinci-bina-3-plus1-daire-1285355152/detay,33.500 TL
https://www.sahibinden.com/ilan/emlak-konut-kiralik-samyap-tan-atakum-cobanli-da-luks-esyali-kiralik-1-plus1-daire-1279241795/detay,15.250 TL
https://www.sahibinden.com/ilan/emlak-konut-kiralik-truva-ahmet-ten-kiralik-hesapli-3-plus1-genis-daire-hem-de-sitede-1290925631/detay,18.000 TL
https://www.sahibinden.com/ilan/emlak-konut-kiralik-sifir-esyali-deniz-manzarali-genis-metrekareli-1-plus1-1290919991/detay,25.000 TL
https://www.sahibinden.com/ilan/emlak-konut-kiralik-yasemin-den-atakum-korfez-2-plus1-mutfak-ayri-kiralik-daire-1279220314/detay,20.000 TL
https://www.sahibinden.com/ilan/emlak-konut-kiralik-remax-park-yeni-mahalle-1-plus1-esyali-kiralik-1285312310/detay,13.500 TL
https://www.sahibinden.com/ilan/emlak-konut-kiralik-samyap-tan-atakum-atakent-te-tramvaya-cephe-3-plus1kiralik-daire-1290914858/detay,28.000 TL
https://www.sahibinden.com/ilan/emlak-konut-kiralik-sahile-cok-yakin-1291078634/detay,18.000 TL
https://www.sahibinden.com/ilan/emlak-konut-kiralik-sahibinden-esyali-kiralik-1290909299/detay,20.000 TL
https://www.sahibinden.com/ilan/emlak-konut-kiralik-yenimahalle-tramvaya-yurume-mesafesinde-3-plus1-kiralik-daire-1285327470/detay,22.000 TL
https://www.sahibinden.com/ilan/emlak-konut-kiralik-egem-emlak-tan-sahilde-deniz-manzarali-kiralik-2-plus1-cati-kati-1187302005/detay,20.000 TL
https://www.sahibinden.com/ilan/emlak-konut-kiralik-yenimahalle-tramvaya-yurume-mesafesinde-3-plus1-kiralik-daire-1285327470/detay,22.000 TL
https://www.sahibinden.com/ilan/emlak-konut-kiralik-egem-emlak-tan-sahilde-deniz-manzarali-kiralik-2-plus1-cati-kati-1187302005/detay,20.000 TL
https://www.sahibinden.com/ilan/emlak-konut-kiralik-taflanda-merkezi-bolgede-kiralik-bahceli-mustakil-ev-1243265959/detay,37.500 TL
https://www.sahibinden.com/ilan/emlak-konut-kiralik-atakum-korfez-1-plus1-genis-daire-1290878808/detay,17.000 TL
https://www.sahibinden.com/ilan/emlak-konut-kiralik-luxus-ulku-den-atakum-sahilde-luks-kiralik-loft-1-plus1-daire-1285310468/detay,24.000 TL
https://www.sahibinden.com/ilan/emlak-konut-kiralik-deha-gayrimenkulden-aydinlik-caddesinde-kiralik-3-plus1-1279192298/detay,27.000 TL
https://www.sahibinden.com/ilan/emlak-konut-kiralik-kiralik-2-plus0-esyali-daire-1285291655/detay,14.000 TL
https://www.sahibinden.com/ilan/emlak-konut-kiralik-konut-acik-otopark-lux-41-doga-sb2f-var-fiyat-dustu-846854724/detay,17.000 TL
https://www.sahibinden.com/ilan/emlak-konut-kiralik-kuvvet-ten-bulvara-cephe-full-deniz-full-sifir-esyali1-plus1-1272671738/detay,14.000 TL
https://www.sahibinden.com/ilan/emlak-konut-kiralik-nisantasi-cad-200mt-tramvaya-3dk-site-icinde-150m2-3-plus1-1286797277/detay,32.500 TL
https://www.sahibinden.com/ilan/emlak-konut-kiralik-full-deniz-manzara-4-plus1-site-ici-daire-1288094317/detay,38.000 TL
https://www.sahibinden.com/ilan/emlak-konut-kiralik-kurupelit-tramvay-duragina-cephe-lux-1-plus1-1136436061/detay,17.000 TL
https://www.sahibinden.com/ilan/emlak-konut-kiralik-esenevler-mahallesinde-yerden-isitmali-bahce-kati-1-plus-1-1285221405/detay,10.000 TL
https://www.sahibinden.com/ilan/emlak-konut-kiralik-bulut-emlak-tan-deniz-manzarali-sifir-esyali-kiralik-1-plus1-daire-1285290400/detay,14.250 TL
https://www.sahibinden.com/ilan/emlak-konut-kiralik-emlekkent-ten-atakum-rezidans-ta-genis-kiralik-esyali-1-plus1-1279015986/detay,10.000 TL
https://www.sahibinden.com/ilan/emlak-konut-kiralik-marka-dan-toplu-konut-bulvarinda-2-plus1-kiralik-daireler-1288290952/detay,17.500 TL
https://www.sahibinden.com/ilan/emlak-konut-kiralik-tuyaptan-kiralik-esyali-1-plus1-1290863709/detay,15.000 TL
https://www.sahibinden.com/ilan/emlak-konut-kiralik-royal-diamond-an-atakum-da-luks-her-sey-dahil-kiralik-1-plus1-daire-1290862464/detay,23.000 TL
https://www.sahibinden.com/ilan/emlak-konut-kiralik-atakum-cobanli-tramvay-alt-kisim-3-plus1-giris-kat-kiralik-daire-1288946231/detay,16.000 TL
https://www.sahibinden.com/ilan/emlak-konut-kiralik-akgun-kurumsal-dan-korfez-de-genis-kiralik-esyali-1-plus1-daire-1290860427/detay,16.500 TL
https://www.sahibinden.com/ilan/emlak-konut-kiralik-3-plus1-asal-petrol-karsisi-denize-sifir-firsat-kiralik-1274342070/detay,20.000 TL
https://www.sahibinden.com/ilan/emlak-konut-kiralik-sahibinden-3-plus1-kiralik-deniz-manzarali-genis-daire-1258522295/detay,26.000 TL
https://www.sahibinden.com/ilan/emlak-konut-kiralik-sahibinden-atakum-korfez-mah.kiralik-sifir-1-plus1-daire-1216015160/detay,12.500 TL
https://www.sahibinden.com/ilan/emlak-konut-kiralik-royal-diamond-an-toplu-konut-blvrn-da-kiralik-1-plus1-daire-1285275920/detay,10.000 TL
https://www.sahibinden.com/ilan/emlak-konut-kiralik-sahibinden-serenity-evlerinde-esyali-kiralik-1-plus1-daire-1261678695/detay,15.000 TL
https://www.sahibinden.com/ilan/emlak-konut-kiralik-yenimahalle-tramvaya-yurume-mesafesinde-1-plus1-1290856481/detay,15.000 TL
https://www.sahibinden.com/ilan/emlak-konut-kiralik-yilbasina-bu-dairede-girin-sifir-ultra-luks-1-plus1-esyali-daire-1290853704/detay,18.000 TL
https://www.sahibinden.com/ilan/emlak-konut-kiralik-44-gayrimenkulden-deniz-manzarali-genis-3-plus1-daire-1290851661/detay,39.000 TL
https://www.sahibinden.com/ilan/emlak-konut-kiralik-sifir-esyali-sifir-daire-ara-kat-1290832647/detay,14.000 TL
https://www.sahibinden.com/ilan/emlak-konut-kiralik-rewell-yenimahalle-de-tramvay-alti-sifir-cam-balkonlu-1-plus1-1273007316/detay,15.500 TL
https://www.sahibinden.com/ilan/emlak-konut-kiralik-atakum-korfez-mah-giris-kati-1-plus1-esyali-kiralik-daire-1261940361/detay,12.500 TL
https://www.sahibinden.com/ilan/emlak-konut-kiralik-can-emlak-tan-1-plus1-luks-tasarim-kiralik-daire-1290837184/detay,15.000 TL
https://www.sahibinden.com/ilan/emlak-konut-kiralik-bulut-emlaktan-atakum-pamuklu-bulvarin-da-kiralik-1-plus1-1278772107/detay,11.000 TL
https://www.sahibinden.com/ilan/emlak-konut-kiralik-daire-ferah-cok-sb2f-acik-otopark-son-3-gun-11-var-846838643/detay,50.000 TL
https://www.sahibinden.com/ilan/emlak-konut-kiralik-yeni-devlet-hastanesinin-acil-kapisinda-esyasiz-kiralik-daire-1290839291/detay,13.000 TL
https://www.sahibinden.com/ilan/emlak-konut-kiralik-can-emlaktan-3-plus1-kiralik-daire-1285222260/detay,33.000 TL
https://www.sahibinden.com/ilan/emlak-konut-kiralik-atakum-plato-villarinda-kiralik-havuzlu-luks-7-plus1-villa-1290668779/detay,85.000 TL
https://www.sahibinden.com/ilan/emlak-konut-kiralik-can-emlak-tan-1-plus1-kiralik-esyali-daire-1290825415/detay,15.000 TL
https://www.sahibinden.com/ilan/emlak-konut-kiralik-nu-teras-evlerinde-cadde-cephe-deniz-manzarali-kiralik-esyali2-plus1-1285075308/detay,50.000 TL
https://www.sahibinden.com/ilan/emlak-konut-kiralik-kiralik-loft-65m2-full-esyali-atakum-korfez-de-1290965848/detay,18.000 TL
https://www.sahibinden.com/ilan/emlak-konut-kiralik-kiralik-daire-3-plus1-incesuda-deniz-ve-doga-manzarali-1235930877/detay,19.000 TL
https://www.sahibinden.com/ilan/emlak-konut-kiralik-atakum-omurevlerinde-tramwaya-1dk-esyali-kiralik-1279044523/detay,14.750 TL
https://www.sahibinden.com/ilan/emlak-konut-kiralik-emlak-kent-ten-esyali-sifir-1-plus1-kiralik-daire-1184622345/detay,17.000 TL
https://www.sahibinden.com/ilan/emlak-konut-kiralik-bulut-emlak-havuzlu-site-ici-giyinme-odali-3-plus1-kiralik-1290818938/detay,35.000 TL
https://www.sahibinden.com/ilan/emlak-konut-kiralik-marka-dan-yeni-mah.de-site-icerisinde-esyali-kiralik-1-plus1-daire-1288235870/detay,14.000 TL
https://www.sahibinden.com/ilan/emlak-konut-kiralik-karayollari-ustu-panaromik-deniz-manzarali-1-plus1-daire-1251147392/detay,14.000 TL
https://www.sahibinden.com/ilan/emlak-konut-kiralik-atakum-pelitkoy-1-plus1-sifir-esyali-daire-kiralik-1248931560/detay,15.000 TL
https://www.sahibinden.com/ilan/emlak-konut-kiralik-atakum-korfezde-1-plus0-ofis-kiralik-1248991898/detay,30.000 TL
https://www.sahibinden.com/ilan/emlak-konut-kiralik-bulut-emlak-denize-3-bina-sahilde-masrafsiz-dubleks-kiralik-1267957079/detay,26.000 TL
https://www.sahibinden.com/ilan/emlak-konut-kiralik-bulut-emlak-tan-170-m2-kiralik-daire-1290813272/detay,27.000 TL
https://www.sahibinden.com/ilan/emlak-konut-kiralik-hedeften-rektorluk-tramvay-duragi-karsisi-yakin-full-esyali-1-plus1-1290976625/detay,14.500 TL
https://www.sahibinden.com/ilan/emlak-konut-kiralik-atakum-turkis-cagaloglunun-bir-sokak-ustunde-kiralik-2-plus1-daire-1290802840/detay,19.000 TL
https://www.sahibinden.com/ilan/emlak-konut-kiralik-pehlivan-gayrimenkulden-2-plus1-kiralik-daire-1278306854/detay,16.000 TL
https://www.sahibinden.com/ilan/emlak-konut-kiralik-ub-group-tan-deniz-manzarali-mutfak-ayri-kiralik-2-plus1-1288005978/detay,20.500 TL
https://www.sahibinden.com/ilan/emlak-konut-kiralik-3-plus1-turkiste-merkezi-konumda-genis-daire-1290800743/detay,17.000 TL
https://www.sahibinden.com/ilan/emlak-konut-kiralik-bulut-emlak-tan-ulasima-yakin-kiralik-genis-1-plus1-daire-1284993253/detay,11.250 TL
https://www.sahibinden.com/ilan/emlak-konut-kiralik-promade-emlak-tan-atakum-korfez-alyse-park-ta-kiralik-1-plus1-1270040914/detay,12.000 TL
https://www.sahibinden.com/ilan/emlak-konut-kiralik-atasoy-gyo-dan-korfezde-tramvay-yakini-esyali-1-plus1-kiralik-1278250154/detay,15.000 TL
https://www.sahibinden.com/ilan/emlak-konut-kiralik-yenimahalle-tramvay-altinda-sahile-100mt-katta-tek-kip-2-plus1-daire-1275791273/detay,17.000 TL
https://www.sahibinden.com/ilan/emlak-konut-kiralik-atakum-ondokuz-mayis-bulvarina-cephe-esyali-1-plus1-1243220179/detay,16.750 TL
https://www.sahibinden.com/ilan/emlak-konut-kiralik-deka-gayrimenkul-den-ful-sifir-esyali-ara-kat-1-plus1-kiralik-daire-1285167091/detay,15.500 TL
https://www.sahibinden.com/ilan/emlak-konut-kiralik-esyali-kiralik-1-plus1-daire-1277454506/detay,12.500 TL
https://www.sahibinden.com/ilan/emlak-konut-kiralik-beypinar-mahallesi-full-deniz-manzarali-lux-2-plus1-daire-1285038176/detay,18.000 TL
https://www.sahibinden.com/ilan/emlak-konut-kiralik-sifir-esyali-1-plus1-daire-1290761500/detay,17.500 TL
https://www.sahibinden.com/ilan/emlak-konut-kiralik-mavi-atlas-tan-atakum-turkis-tramvaya-cephe-kiralik-1-plus1-ofis-1290759873/detay,23.000 TL
https://www.sahibinden.com/ilan/emlak-konut-kiralik-sahibinden-kiralik-daire-1290759708/detay,32.500 TL
"https://www.sahibinden.com/ilan/emlak-konut-kiralik-revizyon-abonelikler-acik,y.mahalle-sahile-2.bina,klimali-1-plus1-1233722737/detay",30.000 TL
https://www.sahibinden.com/ilan/emlak-konut-kiralik-cok-uygun-ferah-daire-bu-sb2f-yok-var-acik-otopark-21-846744260/detay,21.000 TL
https://www.sahibinden.com/ilan/emlak-konut-kiralik-mustafa-ozgun-den-kiralik-esyali-genis-ferah-luks-1-plus1-1267472136/detay,13.750 TL
https://www.sahibinden.com/ilan/emlak-konut-kiralik-revizyon-marina-burak-tan-sifir-esyali-kiralik-1-plus1-luks-daire-1290754746/detay,15.500 TL
https://www.sahibinden.com/ilan/emlak-konut-kiralik-cakirlar-da-kiralik-sifir-lux-1-plus1-1278990466/detay,15.000 TL
https://www.sahibinden.com/ilan/emlak-konut-kiralik-atakum-kiralik-1-plus1-daire-1285014173/detay,20.000 TL
https://www.sahibinden.com/ilan/emlak-konut-kiralik-medicalpark-hastanesi-700m-cagaloglu-bulvari-2-sokak-ustu-1285031841/detay,23.000 TL
https://www.sahibinden.com/ilan/emlak-konut-kiralik-astroyal-emlak-toplu-konuta-cephe-esyali-kiralik-1-plus1-daire-1283802394/detay,14.500 TL
https://www.sahibinden.com/ilan/emlak-konut-kiralik-serdar-demirbas-tan-tramvaya-2-dakika-mesafede-2-plus1-daire-1290739121/detay,20.000 TL
https://www.sahibinden.com/ilan/emlak-konut-kiralik-atakum-yeni-mahalle-de-2-plus1-esyali-kiralik-daire-1285049274/detay,21.500 TL
https://www.sahibinden.com/ilan/emlak-konut-kiralik-nisantasi-caddesinde-onu-acik-luks-deniz-manzarali-giyinme-odali-1290736206/detay,27.500 TL
https://www.sahibinden.com/ilan/emlak-konut-kiralik-korfez-de-sahibinden-kiralik-1-plus1-1274856943/detay,14.000 TL
https://www.sahibinden.com/ilan/emlak-konut-kiralik-uzmandan-pelitkoy-tramvay-duraginda-sifir-esyali-kiralik-1-plus1-1261650157/detay,21.000 TL
https://www.sahibinden.com/ilan/emlak-konut-kiralik-sahibinden-1-plus1sifir-esyali-deniz-manzarali-tramvaya-yakin-1286199084/detay,17.000 TL
https://www.sahibinden.com/ilan/emlak-konut-kiralik-sahibinden-kiralik-esyali-1-plus1-daire-cam-balkonlu-1235226816/detay,22.500 TL
https://www.sahibinden.com/ilan/emlak-konut-kiralik-bulut-emlak-atakum-rezidans-site-ici-esyali-1-plus1-1201496400/detay,11.000 TL
https://www.sahibinden.com/ilan/emlak-konut-kiralik-istiklal-mah-kiralik-esyali-1-plus1-daire-1290710098/detay,16.000 TL
https://www.sahibinden.com/ilan/emlak-konut-kiralik-istiklal-mah-kiralik-esyali-1-plus1-daire-1290710098/detay,16.000 TL
https://www.sahibinden.com/ilan/emlak-konut-kiralik-luxus-ulku-den-aziz-isik-bulvarinda-kiralik-2-plus1-daire-1285149999/detay,22.500 TL
https://www.sahibinden.com/ilan/emlak-konut-kiralik-tramvaya-yakin-esyali-1-plus1-kiralik-daire-1290697671/detay,17.500 TL
https://www.sahibinden.com/ilan/emlak-konut-kiralik-eczaneler-tramvayinda-sahile-markete-yakin-cam-balkonlu-esyali-1285084860/detay,16.000 TL
https://www.sahibinden.com/ilan/emlak-konut-kiralik-atakum-denizevler-de-sahil-e-yurume-mesafesinde-kiralik-daire-1269713948/detay,15.000 TL
https://www.sahibinden.com/ilan/emlak-konut-kiralik-atakum-korfez-de-sifir-binada-kiralik-1-plus1-daire-1289592091/detay,13.000 TL
https://www.sahibinden.com/ilan/emlak-konut-kiralik-samsun-atakum-korfezde-kiralik-daire-1290697553/detay,25.000 TL
https://www.sahibinden.com/ilan/emlak-konut-kiralik-beron-team-den-yenimahalle-tramvay-alti-3-plus1-kiralik-daire-1287883587/detay,25.000 TL
https://www.sahibinden.com/ilan/emlak-konut-kiralik-sahibinden-deniz-manzarali-kiralik-daire-1290689108/detay,18.500 TL
https://www.sahibinden.com/ilan/emlak-konut-kiralik-omurevleri-tramvay-cepheli-2-plus1-cift-balkon-kapali-otopark-1290683553/detay,27.000 TL
https://www.sahibinden.com/ilan/emlak-konut-kiralik-merkezi-konum-sifir-esyali-yerden-isitmali-sifir-daire-1290684891/detay,17.250 TL
https://www.sahibinden.com/ilan/emlak-konut-kiralik-yatirim-plus-tan-deniz-manzarali-kiralik-3-plus1-1273103498/detay,35.000 TL
https://www.sahibinden.com/ilan/emlak-konut-kiralik-yatirim-plus-tan-sifir-esyali-kiralik-1-plus1-daire-1253525904/detay,15.000 TL
https://www.sahibinden.com/ilan/emlak-konut-kiralik-bulut-emlak-tramvayda-genis-balkonlu-klimali-luks-esyali-1-plus1-1285032473/detay,18.750 TL
https://www.sahibinden.com/ilan/emlak-konut-kiralik-atakum-korfez-tranvay-duragina-cepe-kiralik-sifir-3-plus1-daire-1278501341/detay,50.000 TL
https://www.sahibinden.com/ilan/emlak-konut-kiralik-brn-global-den-atakent-te-anayola-yakin-kiralik-ofis-daire-1290660436/detay,60.000 TL
https://www.sahibinden.com/ilan/emlak-konut-kiralik-yayla-gayrimenkul-tramvaya-100-metre-kiralik-1-plus1-daire-korfez-1290677275/detay,13.500 TL
https://www.sahibinden.com/ilan/emlak-konut-kiralik-merkezi-konum-kiralik-3-plus1-daire-murat-akgul-den-1285072071/detay,20.500 TL
https://www.sahibinden.com/ilan/emlak-konut-kiralik-atakum-yenimahalle-tramvaya-cephe-80m2-esyali-2-plus1-kiralik-daire-1285043894/detay,29.000 TL
https://www.sahibinden.com/ilan/emlak-konut-kiralik-aygun-gayrimenkul-den-tramvayin-altinda-kiralik-daire-1257171513/detay,16.500 TL
https://www.sahibinden.com/ilan/emlak-konut-kiralik-aygun-gayrimenkul-den-tramvayin-altinda-kiralik-daire-1257171513/detay,16.500 TL
https://www.sahibinden.com/ilan/emlak-konut-kiralik-samsun-atakum-balac-ta-kiralik-esyali-1-plus1-daire-1290670579/detay,12.750 TL
https://www.sahibinden.com/ilan/emlak-konut-kiralik-korfez-tramvay-duragina-50-mt-esyasiz-genis-1-plus1-1271741199/detay,13.500 TL
https://www.sahibinden.com/ilan/emlak-konut-kiralik-cagaloglu-caddesine-komsu-kiralik-2-plus1-daire-1183606992/detay,22.000 TL
https://www.sahibinden.com/ilan/emlak-konut-kiralik-revizyon-dan-incesu-yali-da-deniz-manzarali-kiralik-1-plus1-daire-1285056144/detay,11.000 TL
https://www.sahibinden.com/ilan/emlak-konut-kiralik-grand-atakule-sitesinde-kiralik-deniz-manzarali-4-plus1-1272792403/detay,40.000 TL
https://www.sahibinden.com/ilan/emlak-konut-kiralik-coruh-eml-esyali-1-plus1-1065249891/detay,19.000 TL
https://www.sahibinden.com/ilan/emlak-konut-kiralik-rookz-hedef-ozgur-baki-den-kiralik-2-plus1-daire-1290656534/detay,40.000 TL
https://www.sahibinden.com/ilan/emlak-konut-kiralik-hakan-dan-kiralik-1-plus1-deniz-manzarali-1272968749/detay,17.350 TL
"https://www.sahibinden.com/ilan/emlak-konut-kiralik-bulut-emlaktan-tramvaya-yakin-esyali-arakat,kiralik-1-plus1-1285052227/detay",14.000 TL
https://www.sahibinden.com/ilan/emlak-konut-kiralik-gaffar-okan-caddesinde-kiralik-1-plus1-daire-1290655815/detay,12.500 TL
https://www.sahibinden.com/ilan/emlak-konut-kiralik-dora-dan-korfez-pamuklu-bulvarina-cephe-esyali-kiralik-1-plus1-daire-1290652801/detay,17.000 TL
https://www.sahibinden.com/ilan/emlak-konut-kiralik-site-icinde-kiralik-2-plus1-daire-1290651932/detay,25.000 TL
https://www.sahibinden.com/ilan/emlak-konut-kiralik-sagem-den-deniz-manzarali-2-plus1-kiralik-daire-1285038758/detay,25.000 TL
https://www.sahibinden.com/ilan/emlak-konut-kiralik-marka-dan-korfez-tramway-duragina-yakin-lux-esyali-kiralik-1-plus1-1288253016/detay,14.500 TL
https://www.sahibinden.com/ilan/emlak-konut-kiralik-atakum-sahile-komsu-esyali-genis-2-plus1-firsat-daire-1289532379/detay,14.950 TL
https://www.sahibinden.com/ilan/emlak-konut-kiralik-acil-kiralik-esyasiz-1-plus1-korfez-1278195973/detay,9.900 TL
https://www.sahibinden.com/ilan/emlak-konut-kiralik-acil-kiralik-deniz-manzarali-3-plus1-genis-ara-kat-daire-1284737465/detay,15.500 TL
https://www.sahibinden.com/ilan/emlak-konut-kiralik-rookz-hedef-ozcan-arslan-dan-mukemmel-konumda-kiralik-1-plus1-daire-1272250742/detay,15.250 TL
https://www.sahibinden.com/ilan/emlak-konut-kiralik-kiralik-2-plus1-daire-1290642926/detay,25.000 TL
https://www.sahibinden.com/ilan/emlak-konut-kiralik-yenimahalle-de-9-kat-full-esyali-essiz-deniz-manzarali-1-plus1-1290640063/detay,15.000 TL
https://www.sahibinden.com/ilan/emlak-konut-kiralik-pamuklu-bulvarina-cephe-full-esyali-temiz-1-plus1-1284895060/detay,14.500 TL
https://www.sahibinden.com/ilan/emlak-konut-kiralik-nisa-m-dan-2-plus1-esyali-kiralik-daire-1252797648/detay,25.000 TL
https://www.sahibinden.com/ilan/emlak-konut-kiralik-kiralik-esyali-1-plus1-1284510304/detay,19.000 TL
https://www.sahibinden.com/ilan/emlak-konut-kiralik-yazganlar-gayrimenkulden-ataturk-bulvarina-cephe-kiralik-daire-1254379952/detay,14.500 TL
https://www.sahibinden.com/ilan/emlak-konut-kiralik-muthis-lokasyon-mimarsinan-da-kiralik-3-plus1-daire-1285005184/detay,24.000 TL
https://www.sahibinden.com/ilan/emlak-konut-kiralik-bulut-emlak-atakent-mah-tramvaya-bir-sokak-harika-konum-1-plus1-1285000807/detay,13.500 TL
https://www.sahibinden.com/ilan/emlak-konut-kiralik-doga-manzarali-acik-otopark-daire-31-genis-sb2f-5-dk-uzaklikta-var-846892854/detay,14.500 TL
https://www.sahibinden.com/ilan/emlak-konut-kiralik-korfez-toplu-konut-yurume-mesafesinde-esyali-kiralik-1-plus1-1278692112/detay,13.500 TL
https://www.sahibinden.com/ilan/emlak-konut-kiralik-recep-erdogan-dan-lozan-caddesinde-3-plus1-kiralik-daire-1272702663/detay,14.500 TL
https://www.sahibinden.com/ilan/emlak-konut-kiralik-orman-manzarali-full-esyali-1-plus1-1278979924/detay,13.500 TL
https://www.sahibinden.com/ilan/emlak-konut-kiralik-master-brokers-ataturk-bulvari-na-cephe-kiralik-3-plus1-daire-1264231864/detay,22.500 TL
https://www.sahibinden.com/ilan/emlak-konut-kiralik-esyali-kiralik-1-plus1-mimarsinan-tramvaya-5dk-yurume-mesafesinde-1290612081/detay,21.000 TL
https://www.sahibinden.com/ilan/emlak-konut-kiralik-seguptan-pelitkoy-tokide-2-plus1-salon-mutfak-ayri-kiralik-daire-3-1284734854/detay,12.500 TL
https://www.sahibinden.com/ilan/emlak-konut-kiralik-fener-gm-murat-secgin-den-muhtesem-deniz-manzarali-kiralik-2-plus1-1290613217/detay,19.000 TL
https://www.sahibinden.com/ilan/emlak-konut-kiralik-tramvaya-yakin-kiralik-loft-dubleks-daire-1281698692/detay,21.500 TL
https://www.sahibinden.com/ilan/emlak-konut-kiralik-remax-nevin-den-tramvaya-yakin-esyali-1-plus1-daire-1141294779/detay,13.500 TL
https://www.sahibinden.com/ilan/emlak-konut-kiralik-cadde-uzeri-ara-kat-kiralik-3-plus1-1278005908/detay,24.000 TL
https://www.sahibinden.com/ilan/emlak-konut-kiralik-ft-gayrimenkul-den-cobanozun-de-2-plus1-kiralik-daire-1290571696/detay,35.000 TL
https://www.sahibinden.com/ilan/emlak-konut-kiralik-alan-emlak-ultra-luks-sahile-yakin-ara-kat-sifir-esyali-1284475974/detay,21.000 TL
https://www.sahibinden.com/ilan/emlak-konut-kiralik-ekip-emlak-pelitkoy-tokide-aileye-bekara-ogrenciye-esyali-3-plus1-1290591446/detay,16.000 TL
https://www.sahibinden.com/ilan/emlak-konut-kiralik-alan-emlak-ultra-luks-sahile-yakin-ara-kat-sifir-esyali-1284475974/detay,21.000 TL
https://www.sahibinden.com/ilan/emlak-konut-kiralik-ekip-emlak-pelitkoy-tokide-aileye-bekara-ogrenciye-esyali-3-plus1-1290591446/detay,16.000 TL
https://www.sahibinden.com/ilan/emlak-konut-kiralik-anayola-ve-sahile-cok-yakin-yillik-130-bin-tl-polis-okulu-karsi-1290594906/detay,11.000 TL
https://www.sahibinden.com/ilan/emlak-konut-kiralik-saglam-gayrimenkulden-mevlanada-kiralik-1-plus1-daire-1272779768/detay,12.000 TL
https://www.sahibinden.com/ilan/emlak-konut-kiralik-3-plus1-korfez-toplu-konut-bulvar-daire-1290566905/detay,30.500 TL
https://www.sahibinden.com/ilan/emlak-konut-kiralik-samyap-tan-tramvaya-cephe-2-balkonlu-genis-1-plus1-daire-1290766535/detay,13.000 TL
https://www.sahibinden.com/ilan/emlak-konut-kiralik-samyap-tan-eras-sitesinde-acik-aboneli-esyali-3-plus1-daire-1290577163/detay,22.000 TL
https://www.sahibinden.com/ilan/emlak-konut-kiralik-mustafa-ozgun-den-deniz-manzara-li-koridorlu-sifir-esyali-daire-1285146952/detay,14.250 TL
https://www.sahibinden.com/ilan/emlak-konut-kiralik-mustafa-ozgun-den-full-deniz-mazarli-ebebevy-banyolu-2-plus1-1284935364/detay,25.000 TL
https://www.sahibinden.com/ilan/emlak-konut-kiralik-atakum-honda-kavsagi-anayolda-deniz-manzarali-3-plus1-1278577518/detay,40.000 TL
https://www.sahibinden.com/ilan/emlak-konut-kiralik-atakum-yenimahalle-tramvaya-yurume-mesafesinde-1290568922/detay,15.500 TL
https://www.sahibinden.com/ilan/emlak-konut-kiralik-samsun-balacta-sifir-yerden-isitmali-sehir-manzarali-kiralik-1290567356/detay,16.500 TL
https://www.sahibinden.com/ilan/emlak-konut-kiralik-gw-kuzey-den-2-plus1-kiralik-1281882901/detay,20.000 TL
https://www.sahibinden.com/ilan/emlak-konut-kiralik-dere-gayrimenkul-den-korfezde-genis-kiralik-1-1-1284323593/detay,11.000 TL
https://www.sahibinden.com/ilan/emlak-konut-kiralik-ferah-acik-otopark-var-sb2f-konut-acil-hastalik-sebebiyle-846779454/detay,30.500 TL
https://www.sahibinden.com/ilan/emlak-konut-kiralik-deka-dan-ted-koleji-yani-depozitosuz-kiralik-sifir-4-plus1-daireler-1247949607/detay,32.000 TL
https://www.sahibinden.com/ilan/emlak-konut-kiralik-deka-gayrimenkul-den-yenimahalle-tramvaya-300m-kiralik-3-plus1-1272663196/detay,19.750 TL
https://www.sahibinden.com/ilan/emlak-konut-kiralik-universiteye-yakin-1-plus1-1276437469/detay,14.500 TL
https://www.sahibinden.com/ilan/emlak-konut-kiralik-sahibinden-esyali-masrafsiz-denize-cephe-1-plus1-1290547721/detay,22.000 TL
https://www.sahibinden.com/ilan/emlak-konut-kiralik-bedrettin-delen-den-esyali-kiralik-deniz-manzarali-2-plus1-1277071899/detay,19.000 TL
https://www.sahibinden.com/ilan/emlak-konut-kiralik-pamuklu-bulvarina-cephe-1-plus1-kiralik-daire-1278275221/detay,10.000 TL
https://www.sahibinden.com/ilan/emlak-konut-kiralik-eski-firin-arkasinda-cambalkonlu-genis-kiralik-1-plus1-1284787593/detay,15.000 TL
https://www.sahibinden.com/ilan/emlak-konut-kiralik-pamuklu-bulvarinda-kiralik-ankastreli-1-plus1-1266411104/detay,11.500 TL
https://www.sahibinden.com/ilan/emlak-konut-kiralik-atakum-atakent-kiralik-1-plus1-daire-1278658010/detay,16.500 TL
https://www.sahibinden.com/ilan/emlak-konut-kiralik-ana-yolda-denize-250-mt-mesafede-kiralik-3-plus1-daire-1290546089/detay,18.000 TL
https://www.sahibinden.com/ilan/emlak-konut-kiralik-northmark-dan-mevlana-da-kiralik-luks-2-plus1-1290488977/detay,21.000 TL
https://www.sahibinden.com/ilan/emlak-konut-kiralik-durak-emlaktan-mevlana-da-sifir-esyali-kiralik-1-plus1-luks-daire-1290725452/detay,20.000 TL
https://www.sahibinden.com/ilan/emlak-konut-kiralik-2-plus1-yeni-esyali-sifir-daire-havuzlu-sitede-otopark-spor-sahasi-1271869989/detay,27.000 TL
https://www.sahibinden.com/ilan/emlak-konut-kiralik-truva-onur-gunduzcu-den-cagaloglu-bulvarina-cok-yakin-genis-3-plus1-1290535683/detay,30.000 TL
https://www.sahibinden.com/ilan/emlak-konut-kiralik-nezih-aile-sitesi-icerisinde-1280879219/detay,9.000 TL
https://www.sahibinden.com/ilan/emlak-konut-kiralik-plus1-yatirim-nurullah-akbas-dan-kiralik-1-plus1-atakum-nisantasi-cad-1284892353/detay,11.750 TL
https://www.sahibinden.com/ilan/emlak-konut-kiralik-atakum-kalbinde-3-plus1-1287915635/detay,17.500 TL
https://www.sahibinden.com/ilan/emlak-konut-kiralik-nirvana-dan-site-icerisinde-atakum-manzarali-kiralik-4-plus1-daire-1290712339/detay,37.500 TL
https://www.sahibinden.com/ilan/emlak-konut-kiralik-kiralik-sahibinden-31-sb2f-otopark-var-fiyat-dustu-bu-fiyata-yok-846767811/detay,14.500 TL
https://www.sahibinden.com/ilan/emlak-konut-kiralik-atakum-mevlana-da-kiralik-1-plus1-1272538309/detay,11.000 TL
https://www.sahibinden.com/ilan/emlak-konut-kiralik-19mayis-fakultesi-yakin-1273065225/detay,14.000 TL
https://www.sahibinden.com/ilan/emlak-konut-kiralik-atakum-turkis-de-3-plus1-kiralik-daire-1278875430/detay,30.000 TL
https://www.sahibinden.com/ilan/emlak-konut-kiralik-atasehir-den-tramvaya-4.bina-merkezi-konumda-kiralik-1-plus1-1278882553/detay,14.500 TL
https://www.sahibinden.com/ilan/emlak-konut-kiralik-atakumda-sahibinden-1-plus1-kiralik-daire-3-kat-deniz-manzarali-1276221848/detay,15.000 TL
https://www.sahibinden.com/ilan/emlak-konut-kiralik-atakum-yenimahalle-de-kiralik-esyali-ve-genis-1-plus1-daire-1266864062/detay,18.000 TL
https://www.sahibinden.com/ilan/emlak-konut-kiralik-vadi-den-full-esyali-arakat-iskanli-1-plus1-daire-1290504212/detay,14.000 TL
https://www.sahibinden.com/ilan/emlak-konut-kiralik-katta-tek-daire-lux-3-plus1-1290459363/detay,30.000 TL
https://www.sahibinden.com/ilan/emlak-konut-kiralik-atakum-yenimahalle-de-kiralik-esyali-ve-genis-1-plus1-daire-1266864062/detay,18.000 TL
https://www.sahibinden.com/ilan/emlak-konut-kiralik-vadi-den-full-esyali-arakat-iskanli-1-plus1-daire-1290504212/detay,14.000 TL
https://www.sahibinden.com/ilan/emlak-konut-kiralik-katta-tek-daire-lux-3-plus1-1290459363/detay,30.000 TL
https://www.sahibinden.com/ilan/emlak-konut-kiralik-esyali-kiralik-1-plus1-daire-1278646803/detay,16.500 TL
https://www.sahibinden.com/ilan/emlak-konut-kiralik-son-3-gun-11-sb2f-kiralik-cok-uygun-bu-fiyata-yok-acik-otopark-846767483/detay,23.500 TL
https://www.sahibinden.com/ilan/emlak-konut-kiralik-samsun-atakum-korfezde-anayolun-kenarinda-kiralik-dubleks-daire-1257677054/detay,22.000 TL
https://www.sahibinden.com/ilan/emlak-konut-kiralik-istiklal-mh-de-deniz-m-onu-acik-kose-3-plus1-kiralik-daire-1284870856/detay,23.500 TL
https://www.sahibinden.com/ilan/emlak-konut-kiralik-can-emlak-tan-1-plus1-kiralik-daire-1278093642/detay,14.000 TL
https://www.sahibinden.com/ilan/emlak-konut-kiralik-atakum-kucukkolpinar-da-deniz-manzarali-4-plus1-kiralik-daire-1266781062/detay,40.500 TL
https://www.sahibinden.com/ilan/emlak-konut-kiralik-samsun-atakum-korfezde-tramvay-cok-yakin-2-plus0-sifir-kiralik-daire-1290488612/detay,17.000 TL
"https://www.sahibinden.com/ilan/emlak-konut-kiralik-atakum-luks-villa-ozel-havuzlu,denize-yakin-1donumbahceli-1245184486/detay",123.456 TL
https://www.sahibinden.com/ilan/emlak-konut-kiralik-revizyondan-deniz-manzarali-ebeveyn-banyolu-site-icerisinde-2-plus1-1267133313/detay,22.000 TL
https://www.sahibinden.com/ilan/emlak-konut-kiralik-vk-kopru-grup-tan-kiralik-cambalkonlu-ebeveyn-banyolu-2-plus1-dair-1290480196/detay,19.000 TL
https://www.sahibinden.com/ilan/emlak-konut-kiralik-full-deniz-manzarali-kiralik-1-plus1-daire-1290251616/detay,12.000 TL
https://www.sahibinden.com/ilan/emlak-konut-kiralik-civan-dan-korfez-tramvay-duragina-5-dk-3-plus1-kiralik-1260005291/detay,20.000 TL
https://www.sahibinden.com/ilan/emlak-konut-kiralik-samsun-atakum-da-deniz-manzarali-esyali-2-plus1-kiralik-daire-1276001169/detay,25.000 TL
https://www.sahibinden.com/ilan/emlak-konut-kiralik-kiralik-1-plus1sifir-daire-orman-manzarali-1278693116/detay,10.000 TL
https://www.sahibinden.com/ilan/emlak-konut-kiralik-bulut-emlak-kiralik-1-plus1-ara-kat-sifir-daire-1290481093/detay,13.000 TL
https://www.sahibinden.com/ilan/emlak-konut-kiralik-bulut-emlak-atakum-da-kiralik-2-plus1-lutfen-aciklamayi-okuyunuz-1110949085/detay,24.000 TL
https://www.sahibinden.com/ilan/emlak-konut-kiralik-sahibinden-atakumda-denize-50m-tramwaya-50m-kiralik-1-plus1-1290465040/detay,17.000 TL
https://www.sahibinden.com/ilan/emlak-konut-kiralik-atakum-da-kiralik-deniz-manz-cambalkonlu-genis-sifir-2-plus1-1269627339/detay,24.000 TL
https://www.sahibinden.com/ilan/emlak-konut-kiralik-atakum-da-kiralik-deniz-manz-cambalkonlu-genis-sifir-2-plus1-1269627339/detay,24.000 TL
https://www.sahibinden.com/ilan/emlak-konut-kiralik-bulut-emlak-4-plus1-genis-aleo-sitesi-manzarali-1290470092/detay,33.000 TL
https://www.sahibinden.com/ilan/emlak-konut-kiralik-bulut-emlak-firsat-ilk-gelen-tutar-2-plus1-mutfak-salon-ayri-1172872021/detay,20.000 TL
https://www.sahibinden.com/ilan/emlak-konut-kiralik-yenimahalle-de-tramvayin-altinda-kiralik-luks-1-plus1-daire-1284822873/detay,15.250 TL
https://www.sahibinden.com/ilan/emlak-konut-kiralik-esyasiz-boyasi-temizligi-yapilmis-daire-1290463833/detay,15.000 TL
https://www.sahibinden.com/ilan/emlak-konut-kiralik-siginak-emlak-tan-rayli-korfez-duragina-cephe-ful-esyali-1200442855/detay,12.500 TL
https://www.sahibinden.com/ilan/emlak-konut-kiralik-samyap-tan-atakum-cobanli-da-kiralik-1-plus1-daire-1278999888/detay,10.250 TL
https://www.sahibinden.com/ilan/emlak-konut-kiralik-lozan-cad-si-altinda-kiralik-2-plus1-kiralik-daire-1286342246/detay,18.500 TL
https://www.sahibinden.com/ilan/emlak-konut-kiralik-denizevlerinde-anayola-cephe-kiralik-3-plus1-daire-1290457238/detay,20.000 TL
https://www.sahibinden.com/ilan/emlak-konut-kiralik-atakum-yenimahalle-de-kiralik-2-plus1-daire-1290458436/detay,26.000 TL
https://www.sahibinden.com/ilan/emlak-konut-kiralik-truva-nazim-demirci-den-esyali-atakum-korfez-kiralik-1-plus1-daire-1290451565/detay,15.500 TL
https://www.sahibinden.com/ilan/emlak-konut-kiralik-revizyon-iscimen-dn-korfez-de-sifir-esyali-1-plus1-kiralik-daire-1290457878/detay,15.500 TL
https://www.sahibinden.com/ilan/emlak-konut-kiralik-atakum-turkiste-citymall-karsisi-sahile-200-m-2-plus1-1290437972/detay,15.500 TL
https://www.sahibinden.com/ilan/emlak-konut-kiralik-bulut-emlaktan-ulasima-yakin-luks-esyali-kiralik-1-plus1-1290637352/detay,15.500 TL
https://www.sahibinden.com/ilan/emlak-konut-kiralik-royal-diamond-an-atakum-da-deniz-manzarali-genis-1-plus1-daire-1287628330/detay,16.500 TL
https://www.sahibinden.com/ilan/emlak-konut-kiralik-varandan-deniz-manzarali-2-plus1-kiralik-daire-1282519353/detay,21.000 TL
https://www.sahibinden.com/ilan/emlak-konut-kiralik-bulut-emlak-kiralik-1-plus1-incesu-sahile-yurume-mesafesi-1278079680/detay,10.000 TL
https://www.sahibinden.com/ilan/emlak-konut-kiralik-yg-tramvaya-2.bina-deniz-manzarali-ebeveyn-banyolu-2-plus1-1271905918/detay,26.500 TL
https://www.sahibinden.com/ilan/emlak-konut-kiralik-kiralik-adem-inc-ten-yenimahalledecagalogluna-yakin-4-plus1-daire-1290443492/detay,33.000 TL
https://www.sahibinden.com/ilan/emlak-konut-kiralik-kiralik-1-plus1-esyali-1284500471/detay,19.000 TL
https://www.sahibinden.com/ilan/emlak-konut-kiralik-mevlana-mh-3-plus1-sifir-cam-balkonlu-135m2-deniz-mnzli-ara-kat-1262789658/detay,27.000 TL
https://www.sahibinden.com/ilan/emlak-konut-kiralik-bulut-emlaktan-lux-genis-sifir-esyali-kiralik-1-plus1-1290439941/detay,19.450 TL
https://www.sahibinden.com/ilan/emlak-konut-kiralik-anayola-2-bina-full-deniz-manzarali-ultra-lux-esyali-genis-1-plus1-1278838970/detay,20.000 TL
https://www.sahibinden.com/ilan/emlak-konut-kiralik-torunoglu-emlak-tan-genis-luks-ve-deniz-manzarali-2-plus1-1290436478/detay,22.000 TL
https://www.sahibinden.com/ilan/emlak-konut-kiralik-mavi-atlas-tan-atakum-da-kiralik-daire-1290434731/detay,14.500 TL
https://www.sahibinden.com/ilan/emlak-konut-kiralik-promade-emlak-tan-yenimahalle-de-deniz-manzarali-kiralik-1-plus1-1275248519/detay,12.000 TL
https://www.sahibinden.com/ilan/emlak-konut-kiralik-samsun-atakum-mimar-sinan-mah-kiralik-daire-1257925019/detay,20.000 TL
https://www.sahibinden.com/ilan/emlak-konut-kiralik-seguptan-pelitkoy-tokide-3-plus1-genis-kiralik-daire-3-1284991760/detay,14.250 TL
https://www.sahibinden.com/ilan/emlak-konut-kiralik-esyali-kiralik-daire-1284837481/detay,23.000 TL
https://www.sahibinden.com/ilan/emlak-konut-kiralik-cb-amazon-dan-cobanli-da-esyali-kiralik-daire-1278706548/detay,17.000 TL
https://www.sahibinden.com/ilan/emlak-konut-kiralik-atakum-pamukluda-deniz-manzarali-kiralik-1-plus1-daire-1287595151/detay,15.000 TL
https://www.sahibinden.com/ilan/emlak-konut-kiralik-bilge-emlak-tan-kiralik-3-plus1-atakent-tramvaya-yurume-5dk-1290417052/detay,30.000 TL
https://www.sahibinden.com/ilan/emlak-konut-kiralik-atakum-cumhuriyet-mahallesinde-kiralik-daire-1284753684/detay,17.000 TL
https://www.sahibinden.com/ilan/emlak-konut-kiralik-atakum-korfez-de-deniz-manzarali-1-plus1-esyali-daire-1271975953/detay,13.000 TL
https://www.sahibinden.com/ilan/emlak-konut-kiralik-korfez-kurupelit-yat-limaninda-deniz-manzarali-3-plus1-kiralik-daire-1278727165/detay,30.000 TL
https://www.sahibinden.com/ilan/emlak-konut-kiralik-karayollarinda-deniz-manzarali-2-plus1-luks-daire-1290393515/detay,27.500 TL
https://www.sahibinden.com/ilan/emlak-konut-kiralik-atakum-da-ulasima-yakin-full-esyali-genis-1-plus1-daire-1278543477/detay,14.750 TL
https://www.sahibinden.com/ilan/emlak-konut-kiralik-1-plus1-yerden-isitma-sifir-kiralik-esyasiz-1278673480/detay,11.000 TL
https://www.sahibinden.com/ilan/emlak-konut-kiralik-esenevlerde-ici-yapili-bagimsiz-giris-kat-kiralik-daire-1290389430/detay,18.000 TL
https://www.sahibinden.com/ilan/emlak-konut-kiralik-korfez-tramvay-duragi-alti-gulhan-yani-esyali-kiralik-1-plus1-daire-1290384506/detay,25.500 TL
https://www.sahibinden.com/ilan/emlak-konut-kiralik-remax-park-can-sever-den-buyuk-oyumcada-esyali-kiralik-daire-1278872357/detay,16.000 TL
https://www.sahibinden.com/ilan/emlak-konut-kiralik-sahibinden-deniz-manzarali-kiralik-daire-1290376127/detay,31.000 TL
https://www.sahibinden.com/ilan/emlak-konut-kiralik-reyyan-evleri-kiralik-1290928829/detay,30.000 TL
https://www.sahibinden.com/ilan/emlak-konut-kiralik-mimar-sinan-tramvay-duragina-yakin-depozitosuz-3-plus1-kiralik-daire-1284787141/detay,15.500 TL
https://www.sahibinden.com/ilan/emlak-konut-kiralik-ronesans-emlak-fatih-bulut-tan-kiralik-esyasiz-1-plus1-1272434583/detay,13.000 TL
https://www.sahibinden.com/ilan/emlak-konut-kiralik-atakum-da-site-icerisinde-manzarali-3-plus1-daire-1290377636/detay,30.000 TL
https://www.sahibinden.com/ilan/emlak-konut-kiralik-cesa-dan-atakum-da-100-m-net-kiralik-mutfak-ayri-2-plus1-daire-1204179446/detay,19.000 TL
"https://www.sahibinden.com/ilan/emlak-konut-kiralik-kara-yapi_site-icerisinde,cambalkonu-takili,80-m2-2-plus1-1259371651/detay",18.000 TL
https://www.sahibinden.com/ilan/emlak-konut-kiralik-revizyon-marina-istiklal-mah.afad-altinda-esyasiz-kiralik-1-plus1-1248228359/detay,10.750 TL
https://www.sahibinden.com/ilan/emlak-konut-kiralik-atakent-19-mayis-bulvari-kiralik-esyali-1-plus1-daire-1278657148/detay,15.750 TL
https://www.sahibinden.com/ilan/emlak-konut-kiralik-atakum-esenevler-de-esyali-kiralik-3-plus1-daire-1206384477/detay,19.000 TL
https://www.sahibinden.com/ilan/emlak-konut-kiralik-kurupelit-yat-limani-sahilde-1-plus1-esyali-kiralik-daire-1290499686/detay,29.000 TL
https://www.sahibinden.com/ilan/emlak-konut-kiralik-selin-gayrimenkulden-merkezi-konumda-genis-1-plus1-kiralik-1270006064/detay,17.500 TL
https://www.sahibinden.com/ilan/emlak-konut-kiralik-gokdelenkule-de-deniz-manzarali-esyali-kiralik-daire-1193312626/detay,60.000 TL
https://www.sahibinden.com/ilan/emlak-konut-kiralik-mimar-sinan-mahallesi-nde-3-plus1-kiralik-daire-1290352955/detay,17.000 TL
https://www.sahibinden.com/ilan/emlak-konut-kiralik-korfez-marinada-sahil-yoluna-2-parsel-kiralik-1-plus1-esyali-daire-1277623959/detay,50.000 TL
https://www.sahibinden.com/ilan/emlak-konut-kiralik-durak-emlaktan-mevlana-da-sifir-esyali-kiralik-1-plus1-luks-daire-1290721986/detay,20.000 TL
https://www.sahibinden.com/ilan/emlak-konut-kiralik-deka-gayrimenkul-den-genis-kiralik-1-plus1-daire-1284646153/detay,11.500 TL
https://www.sahibinden.com/ilan/emlak-konut-kiralik-akdaglar-66-gayrimenkul-guvencesinde-temiz-1-plus1-daire-1290332086/detay,21.000 TL
https://www.sahibinden.com/ilan/emlak-konut-kiralik-havuzlu-site-icerisinde-kiralik-loft-1-plus1-1278492897/detay,15.000 TL
https://www.sahibinden.com/ilan/emlak-konut-kiralik-vk-kopru-grup-tan-kiralik-merkezi-konumda-luks-1-plus1-daire-1284099934/detay,23.000 TL
https://www.sahibinden.com/ilan/emlak-konut-kiralik-ronesans-emlak-tan-ful-esyali-pamuklu-bulvarinda-1-plus1-1290332551/detay,13.250 TL
https://www.sahibinden.com/ilan/emlak-konut-kiralik-kuvvet-ten-harika-genislikte-luks-konsept-esyali-firsat-1-plus1-1290524421/detay,14.000 TL
https://www.sahibinden.com/ilan/emlak-konut-kiralik-atakum-bulvara-cephe-kullanisli-mukemmel-konum-2-plus1-kiralik-daire-1284741212/detay,30.000 TL
https://www.sahibinden.com/ilan/emlak-konut-kiralik-yenimahalle-de-tramvaya-yakin-kiralik-3-plus1-1278594124/detay,23.000 TL
https://www.sahibinden.com/ilan/emlak-konut-kiralik-saglam-gayrimenkulden-ful-deniz-manzarali-kiralik-2-plus1-1290320754/detay,25.000 TL
https://www.sahibinden.com/ilan/emlak-konut-kiralik-aydinlik-caddesinde-ebeveyn-banyolu-1-plus1-esyali-tramvaya-yakin-1271197379/detay,16.000 TL
https://www.sahibinden.com/ilan/emlak-konut-kiralik-revizyondan-tramvaya-yurume-mesafesinde-esyali-kiralik-1-plus1-daire-1272852325/detay,15.200 TL
https://www.sahibinden.com/ilan/emlak-konut-kiralik-tramvaya-cok-yakin-firsat-kiralik-1290518523/detay,13.000 TL
https://www.sahibinden.com/ilan/emlak-konut-kiralik-referans-gayrimenkulden-genis-esyali-kiralik-1-plus1-daire-1277144630/detay,13.500 TL
https://www.sahibinden.com/ilan/emlak-konut-kiralik-korfez-de-full-deniz-manzarali-2-plus1-130-m2-home-ofis-1290314954/detay,33.500 TL
https://www.sahibinden.com/ilan/emlak-konut-kiralik-atakumda-dolmusa-otobuse-cok-yakin-kiralik-daire-1290315964/detay,20.000 TL
https://www.sahibinden.com/ilan/emlak-konut-kiralik-deka-gayrimenkul-den-balacta-kiralik-3-plus1-deniz-manzarali-daire-1284639409/detay,31.500 TL
https://www.sahibinden.com/ilan/emlak-konut-kiralik-akdaglar-66-gayrimenkul-guvencesinde-sahilde-esyali-2-plus1-daire-1290303705/detay,33.000 TL
https://www.sahibinden.com/ilan/emlak-konut-kiralik-beronteam-den-bornova-cad.de-full-esyali-sifir-kiralik-1-plus1-daire-1284740891/detay,18.500 TL
https://www.sahibinden.com/ilan/emlak-konut-kiralik-atakum-sahilde-deniz-manzarali-esyali-lux-daire-1267661377/detay,32.000 TL
https://www.sahibinden.com/ilan/emlak-konut-kiralik-denize-100m-manzarali-cift-klimali-lux-esyali-ada-mutfakli-1-plus1-1290304204/detay,25.000 TL
https://www.sahibinden.com/ilan/emlak-konut-kiralik-yenimahalle-de-tramvay-altinda-esyali-luks-kiralik-1-plus1-daire-1272233747/detay,21.000 TL
https://www.sahibinden.com/ilan/emlak-konut-kiralik-atakum-da-denize-sifir-daire-1273361476/detay,47.000 TL
https://www.sahibinden.com/ilan/emlak-konut-kiralik-pamuklu-bulvarinda-deniz-manzarali-daire-1278864604/detay,12.500 TL
https://www.sahibinden.com/ilan/emlak-konut-kiralik-bulut-emlak-full-sifir-esyali-tramvay-duragina-cokyakin-1-plus1-1290291600/detay,16.950 TL
https://www.sahibinden.com/ilan/emlak-konut-kiralik-deha-gayrimenkulden-rte-bulvarinda-esyali-kiralik-2-plus1-1177743897/detay,18.000 TL
https://www.sahibinden.com/ilan/emlak-konut-kiralik-kurupelit-site-icinde-kiralik-havuzlu-4-plus1-luks-daire-1271872623/detay,35.000 TL
https://www.sahibinden.com/ilan/emlak-konut-kiralik-balac-ta-essiz-deniz-manzarali-luks-kiralik-1-plus1-1290280410/detay,22.500 TL
https://www.sahibinden.com/ilan/emlak-konut-kiralik-hastalik-sebebiyle-konut-21-var-fiyat-dustu-ferah-sb2f-otopark-846753643/detay,10.000 TL
https://www.sahibinden.com/ilan/emlak-konut-kiralik-omurevleri-tranvay-alti-2-plus1-esyali-kiralik-daire-1290087721/detay,23.000 TL
https://www.sahibinden.com/ilan/emlak-konut-kiralik-esyali-kiralik-daire-1277634921/detay,18.000 TL
https://www.sahibinden.com/ilan/emlak-konut-kiralik-muhtesem-deniz-manzarali-ultra-luks-kiralik-2-plus1-genis-daire-1290285583/detay,27.000 TL
https://www.sahibinden.com/ilan/emlak-konut-kiralik-vadi-den-yenimahallede-esyali-kiralik-1-plus1-daire-1290286954/detay,13.500 TL
https://www.sahibinden.com/ilan/emlak-konut-kiralik-can-emlaktan-korfezde-1-plus1-sifir-esyali-daire-1284306983/detay,20.000 TL
https://www.sahibinden.com/ilan/emlak-konut-kiralik-yenimahalle-tramvay-duragi-uzeri-istanbul-caddesi-kiralik-1-plus1-1180397861/detay,12.500 TL
https://www.sahibinden.com/ilan/emlak-konut-kiralik-full-deniz-manzarali-luks-sifir-esyali-kiralik-1-plus1-1284359979/detay,18.000 TL
https://www.sahibinden.com/ilan/emlak-konut-kiralik-uzman-dan-korfez-de-tramvay-alti-esyali-kiralik-1-plus1-daire-1284718668/detay,14.500 TL
https://www.sahibinden.com/ilan/emlak-konut-kiralik-deniz-manzarali-kiralik-daire-1277001816/detay,24.500 TL
https://www.sahibinden.com/ilan/emlak-konut-kiralik-samsun-atakum-korfezde-esyali-2-plus1-kiralik-daire-1276010611/detay,25.000 TL
https://www.sahibinden.com/ilan/emlak-konut-kiralik-samyaptan-atakum-da-sifir-luks-esyali-1-plus1-kiralik-daire-1269449453/detay,17.500 TL
https://www.sahibinden.com/ilan/emlak-konut-kiralik-cok-cok-genis-balkonlu-60-metre-kare-1-plus1-luks-daire-1290269779/detay,10.000 TL
https://www.sahibinden.com/ilan/emlak-konut-kiralik-deniz-manzarali-sifir-luks-esyali-kiralik-1-plus1-daire-1284619646/detay,18.000 TL
https://www.sahibinden.com/ilan/emlak-konut-kiralik-yenimahalle-de-esyali-kiralik-1-plus1-depozitosuz-1290268080/detay,14.500 TL
https://www.sahibinden.com/ilan/emlak-konut-kiralik-sahile-yakin-esyali-kiralik-luks-1-plus1-1283393181/detay,15.750 TL
https://www.sahibinden.com/ilan/emlak-konut-kiralik-pelitkoy-tranway-duragina-2-dakika-mesafede-1-plus1-esyasiz-daire-1283193074/detay,10.000 TL
https://www.sahibinden.com/ilan/emlak-konut-kiralik-deniz-manzarali-sifir-luks-esyali-kiralik-1-plus1-daire-1284619646/detay,18.000 TL
https://www.sahibinden.com/ilan/emlak-konut-kiralik-yenimahalle-de-esyali-kiralik-1-plus1-depozitosuz-1290268080/detay,14.500 TL
https://www.sahibinden.com/ilan/emlak-konut-kiralik-sahile-yakin-esyali-kiralik-luks-1-plus1-1283393181/detay,15.750 TL
https://www.sahibinden.com/ilan/emlak-konut-kiralik-pelitkoy-tranway-duragina-2-dakika-mesafede-1-plus1-esyasiz-daire-1283193074/detay,10.000 TL
https://www.sahibinden.com/ilan/emlak-konut-kiralik-11-acik-otopark-var-emsalsiz-konumda-daire-merkezi-sb2f-son-3-gun-846852093/detay,18.000 TL
https://www.sahibinden.com/ilan/emlak-konut-kiralik-marka-dan-19-mayis-bulv.lux-esyali-ara-kat-1-plus1-esyali-daire-1287840635/detay,15.000 TL
https://www.sahibinden.com/ilan/emlak-konut-kiralik-bulut-emlak-mevlanada-deniz-manzarali-sifir-esyali-1-plus1-1290461554/detay,14.250 TL
https://www.sahibinden.com/ilan/emlak-konut-kiralik-bulut-emlak-tramvayin-altin-da-luks-esyali-arakat-1-plus1-daire-1290828989/detay,27.000 TL
https://www.sahibinden.com/ilan/emlak-konut-kiralik-piyes-gayrimenkulden-harika-konumda-esyali-kiralik-1-plus1-1290248907/detay,21.500 TL
https://www.sahibinden.com/ilan/emlak-konut-kiralik-varandan-tramvay-yakin-daire-1289660637/detay,12.500 TL
https://www.sahibinden.com/ilan/emlak-konut-kiralik-alan-emlak-mutfak-ayri-ara-kat-cam-balkonlu-ebeveyn-banyolu-1284481068/detay,26.000 TL
https://www.sahibinden.com/ilan/emlak-konut-kiralik-revizyondan-tramvaya-2-bina-genis-full-esyali-kiralik-1-plus1-1290827529/detay,16.500 TL
https://www.sahibinden.com/ilan/emlak-konut-kiralik-omu-tramvay-duragina-yakin-deniz-manzarali-kiralik-1-plus1-daire-1284685941/detay,12.500 TL
https://www.sahibinden.com/ilan/emlak-konut-kiralik-samsun-atakum-albapark-sitesinde-3-plus1-e-kiralik-daire-1282942475/detay,23.500 TL
https://www.sahibinden.com/ilan/emlak-konut-kiralik-akman-tramvaya-350m-full-esyali-cam-balkonlu-genis-1-plus1-daire-1290245340/detay,17.000 TL
https://www.sahibinden.com/ilan/emlak-konut-kiralik-vk-kopru-grup-tan-kiralik-ozel-esyali-1-plus1-daire-1290239911/detay,24.500 TL
https://www.sahibinden.com/ilan/emlak-konut-kiralik-full-esyali-cam-balkonlu-genis-ferah-depozitosuz-1-plus1-kiralik-1290450013/detay,14.250 TL
https://www.sahibinden.com/ilan/emlak-konut-kiralik-tuyap-gayrimenkulden-kiralik-sifir-esyali-daire-1278634803/detay,15.000 TL
https://www.sahibinden.com/ilan/emlak-konut-kiralik-yusuf-usta-gayrimenkul-den-buyukoyumca-da-1-plus1-kiralik-daire-1284546662/detay,15.000 TL
https://www.sahibinden.com/ilan/emlak-konut-kiralik-tramwaya-400-metre-mesafede-esyali-kiralik-1-plus1-daire-1284540696/detay,16.500 TL
https://www.sahibinden.com/ilan/emlak-konut-kiralik-full-deniz-manzarali-full-esyali-lux-kiralik-1-plus1-1290232345/detay,19.000 TL
https://www.sahibinden.com/ilan/emlak-konut-kiralik-samyaptan-ful-deniz-man-giyinme-o-4-plus1-kiralik-daire-1290231753/detay,45.000 TL
https://www.sahibinden.com/ilan/emlak-konut-kiralik-truva-isa-kilic-tan-mevlana-da-sifir-esyali-1-plus1-kiralik-1290227480/detay,19.500 TL
https://www.sahibinden.com/ilan/emlak-konut-kiralik-nisantasi-caddesinde-esyali-sifir-1-plus1-daire-1256145880/detay,20.000 TL
https://www.sahibinden.com/ilan/emlak-konut-kiralik-revizyon-basak-kuyucu-dan-denize-sifir-kiralik-3-plus1-daire-1278549894/detay,29.500 TL
https://www.sahibinden.com/ilan/emlak-konut-kiralik-hedef-ten-atakent-sahil-de-belirsiz-sureli-sifir-esyali-luks-1-plus1-1284473451/detay,20.000 TL
https://www.sahibinden.com/ilan/emlak-konut-kiralik-atakumda-genis-ve-ferah-3-plus1-aileye-uygun-kiralik-daire-1290217565/detay,37.500 TL
https://www.sahibinden.com/ilan/emlak-konut-kiralik-aziz-isik-bulvar-yoluna-cephe-lux-kiralik-sifir-esyali-1-plus1-daire-1290210576/detay,15.000 TL
https://www.sahibinden.com/ilan/emlak-konut-kiralik-samsun-mabelden-lozan-caddesine-2-bina-kiralik-daire-1290209101/detay,18.000 TL
https://www.sahibinden.com/ilan/emlak-konut-kiralik-yenimahalle-de-sifir-lux-tramwaya-150-metre-kiralik-1-plus1-daire-1290213158/detay,13.500 TL
https://www.sahibinden.com/ilan/emlak-konut-kiralik-19-mayis-bulvar-yolun-150-metre-mesafede-kiralik-lux-3-plus1-daire-1290209560/detay,24.000 TL
https://www.sahibinden.com/ilan/emlak-konut-kiralik-tozluemlaktan-80m2-genis-1-plus1-abonelikler-acik-1276841761/detay,15.500 TL
https://www.sahibinden.com/ilan/emlak-konut-kiralik-tramvay-duragina-cok-yakin-mesafede-esyali-kiralik-1-plus1-daire-1290201795/detay,15.000 TL
https://www.sahibinden.com/ilan/emlak-konut-kiralik-atakent-in-gozde-konumunda-1-plus1-kiralik-daire-1281256886/detay,15.250 TL
https://www.sahibinden.com/ilan/emlak-konut-kiralik-1-plus1-yeni-mahalle-anayola-2-bina-esyali-1278119712/detay,15.000 TL
https://www.sahibinden.com/ilan/emlak-konut-kiralik-citypol-den-1-plus1-esyali-kiralik-daire-1284184738/detay,16.000 TL
https://www.sahibinden.com/ilan/emlak-konut-kiralik-panoromik-atakum-manzarali-kiralik-2-plus1-daire-1284363800/detay,20.000 TL
https://www.sahibinden.com/ilan/emlak-konut-kiralik-kiralik-1-plus1-daire-1290184024/detay,12.500 TL
https://www.sahibinden.com/ilan/emlak-konut-kiralik-faktor-den-korfez-de-ulasima-yakin-kiralik-daire-1284604208/detay,13.000 TL
https://www.sahibinden.com/ilan/emlak-konut-kiralik-travmaya-yakin-kiralik-luks-daire-1290181618/detay,17.000 TL
https://www.sahibinden.com/ilan/emlak-konut-kiralik-atekente-1-plus1-esyali-daire-1290578175/detay,18.000 TL
https://www.sahibinden.com/ilan/emlak-konut-kiralik-ful-esyali-kiralik-daire-atakum-buyukoyumca-h-topal-cad-no-6-1290168104/detay,13.000 TL
https://www.sahibinden.com/ilan/emlak-konut-kiralik-kiralik-1-plus1-bahceli-loft-keyifli-ve-kaliteli-atakum-modern-1271966679/detay,12.500 TL
https://www.sahibinden.com/ilan/emlak-konut-kiralik-dsi-yani-esenevlerde-klimali-abonelik-acik-esyali-1-plus1-1282977198/detay,22.500 TL
https://www.sahibinden.com/ilan/emlak-konut-kiralik-sahibinden-kiralik-sifir-daire-samsun-atakum-korfez-mh-1290160135/detay,13.000 TL
https://www.sahibinden.com/ilan/emlak-konut-kiralik-pelitkoy-bulv-saniye-hatun-camii-arkasi-esyali-1-plus1-kiralik-1290153099/detay,16.000 TL
https://www.sahibinden.com/ilan/emlak-konut-kiralik-selin-gayrimenkulden-deniz-manzarali-genis-lux-daire-1181269141/detay,13.500 TL
https://www.sahibinden.com/ilan/emlak-konut-kiralik-revizyon-incesuda-denize-yurume-mesafesinde-esyali-kiralik-1-plus1-1290358618/detay,16.000 TL
https://www.sahibinden.com/ilan/emlak-konut-kiralik-serdar-demirbas-tan-atakum-da-2-plus1-kiralik-daire-1281028862/detay,16.000 TL
https://www.sahibinden.com/ilan/emlak-konut-kiralik-korfez-de-firsat-1-plus1-esyali-esyasiz-kiralik-daireler-1284401941/detay,15.000 TL
https://www.sahibinden.com/ilan/emlak-konut-kiralik-atakum-sahile-sifir-celik-sitesi-kiralik-2-plus1-esyali-daire-1278475467/detay,34.000 TL
https://www.sahibinden.com/ilan/emlak-konut-kiralik-esyali-kiralik-daire-1281074474/detay,14.000 TL
https://www.sahibinden.com/ilan/emlak-konut-kiralik-ataturk-bulvarina-cephe-ozkar-korfez-sitesinde-kiralik-3-plus1-daire-1290124043/detay,37.000 TL
https://www.sahibinden.com/ilan/emlak-konut-kiralik-sahibinden-merkezi-konumda-kiralik-daire-1290141061/detay,28.000 TL
https://www.sahibinden.com/ilan/emlak-konut-kiralik-kopru-grup-tan-kiralik-tramvaya-2.binada-esyali-1-plus1-hollu-daire-1278424501/detay,16.250 TL
https://www.sahibinden.com/ilan/emlak-konut-kiralik-kurupelit-tramvay-alti1-plus1-daire-1290136856/detay,20.000 TL
https://www.sahibinden.com/ilan/emlak-konut-kiralik-exper-gayrimenkul-den-esyali-kiralik-daire-1267211465/detay,17.500 TL
https://www.sahibinden.com/ilan/emlak-konut-kiralik-muhtesem-otesi-3-plus1-dubleks-daire-deniz-manzarali-1290131809/detay,24.000 TL
https://www.sahibinden.com/ilan/emlak-konut-kiralik-atakum-cumhuriyet-mahallesi-nde-kiralik-3-plus1-daire-1290332537/detay,20.000 TL
https://www.sahibinden.com/ilan/emlak-konut-kiralik-durak-emlaktan-deniz-manzarali-sifir-esyali-kiralik-luks-1-plus1-1290712425/detay,20.000 TL
https://www.sahibinden.com/ilan/emlak-konut-kiralik-fmc-semih-ten-cagaloglu-na-yakin-i-genis-ve-merkezi-kiralik-3-plus1-1272309975/detay,24.500 TL
https://www.sahibinden.com/ilan/emlak-konut-kiralik-incesu-yali-da-denize-20-metre-kiralik-esyali-temiz-daire-1290120835/detay,27.500 TL
https://www.sahibinden.com/ilan/emlak-konut-kiralik-full-esyali-koridor-olan-1-plus1-kiralik-daire-1272311378/detay,12.500 TL
https://www.sahibinden.com/ilan/emlak-konut-kiralik-yazganlar-gayrimenkulden-deniz-goren-lux-2-plus1-daire-1284495872/detay,21.000 TL
https://www.sahibinden.com/ilan/emlak-konut-kiralik-karayollari-ustu-luks-1-plus1-esyali-daireler-1284297048/detay,21.000 TL
https://www.sahibinden.com/ilan/emlak-konut-kiralik-camlicadan-tramvay-guzergahinda-turkiste-kiralik-daire-1287353665/detay,17.500 TL
https://www.sahibinden.com/ilan/emlak-konut-kiralik-turkev-emlak-samet-sayar-dan-turkisde-esyali-1-plus1-daire-1234529435/detay,18.000 TL
https://www.sahibinden.com/ilan/emlak-konut-kiralik-evsam-dan-sahile-3.bina-kiralik-daire-1263573700/detay,16.000 TL
https://www.sahibinden.com/ilan/emlak-konut-kiralik-muhtesem-konumda-masrafsiz-kiralik-3-plus1-firsat-daire-1290108504/detay,25.000 TL
https://www.sahibinden.com/ilan/emlak-konut-kiralik-korfez-manzarali-yat-limanina-70m-gulhan-restorant-karsisi-3-plus1-1271882377/detay,24.000 TL
"https://www.sahibinden.com/ilan/emlak-konut-kiralik-esilam-dan-atakent-bulvara-yakin-genis,ferah-kiralik-3-plus1-daire-1284330065/detay",28.000 TL
https://www.sahibinden.com/ilan/emlak-konut-kiralik-sagem-den-kiralik-3-plus1-daire-1271321700/detay,25.000 TL
https://www.sahibinden.com/ilan/emlak-konut-kiralik-sagem-gayrimenkul-den-3-plus1-sahile-sifir-kiralik-daire-1265949123/detay,20.000 TL
https://www.sahibinden.com/ilan/emlak-konut-kiralik-bulut-emlaktan-kapanmaz-deniz-manzarali-kiralik-3-plus1-daire-1277419888/detay,25.500 TL
https://www.sahibinden.com/ilan/emlak-konut-kiralik-kauf-dilek-ten-anayol-alti-180-m-luks-full-manzarali-4-plus1-1284485544/detay,80.000 TL
https://www.sahibinden.com/ilan/emlak-konut-kiralik-yok-lux-acil-kiralik-31-sb2f-5-dk-uzaklikta-846834210/detay,16.000 TL
https://www.sahibinden.com/ilan/emlak-konut-kiralik-kuvvet-ten-vatan-caddesinde-3-plus1-kiralik-daire-1284512619/detay,18.000 TL
https://www.sahibinden.com/ilan/emlak-konut-kiralik-nurcan-goncal-dan-mimar-sinan-tramway-duraginda-3-plus1-kiralik-1277040859/detay,23.000 TL
https://www.sahibinden.com/ilan/emlak-konut-kiralik-revizyon-prime-dan-kurupelit-te-kiralik-2-plus1-daire-1268117375/detay,17.500 TL
https://www.sahibinden.com/ilan/emlak-konut-kiralik-yasam-evlerinde-esyali-genis-1-plus1-kiralik-daire-1235676655/detay,13.000 TL
https://www.sahibinden.com/ilan/emlak-konut-kiralik-city-mall-avm-nin-hemen-karsisi-kiralik-ev-1290088207/detay,36.000 TL
https://www.sahibinden.com/ilan/emlak-konut-kiralik-deniz-manzarali-sifir-esyali-kiralik-1-plus1-daire-1284265403/detay,16.000 TL
https://www.sahibinden.com/ilan/emlak-konut-kiralik-korfez-tramvay-duragina-yurume-mesafesinde-sifir-esyali-1-plus1-1290277117/detay,17.000 TL
https://www.sahibinden.com/ilan/emlak-konut-kiralik-esilam-dan-tramvaya-yakin-manzarali-genis-esyali-1-plus1-daire-1269726232/detay,15.500 TL
https://www.sahibinden.com/ilan/emlak-konut-kiralik-atakent-cobanli-tramvay-altinda-kiralik-esyali-1-plus1-1255545239/detay,18.000 TL
https://www.sahibinden.com/ilan/emlak-konut-kiralik-bulut-emlak-tan-ana-bulvara-yurume-mesafesinde-kiralik-1-plus1-daire-1290269588/detay,15.000 TL
https://www.sahibinden.com/ilan/emlak-konut-kiralik-atakum-yeni-mahelle-tranvaya-yurume-mesafesinde-lux-1-plus1-kiralik-1278508578/detay,20.000 TL
https://www.sahibinden.com/ilan/emlak-konut-kiralik-atakent-guzelyali-sahilde-anayola-cephe-2-plus1-100-m2-daire-1286066358/detay,26.000 TL
https://www.sahibinden.com/ilan/emlak-konut-kiralik-faktor-den-esyali-luks-arakat-1-plus1-kiralik-daire-1278310144/detay,15.000 TL
https://www.sahibinden.com/ilan/emlak-konut-kiralik-atakent-tranvay-duragina-yakin-kiralik-luks-1-plus1-1290264143/detay,17.000 TL
https://www.sahibinden.com/ilan/emlak-konut-kiralik-atakum-pamuklu-bulvarinda-luks-esyali-kiralik-1-plus1-daire-1231978544/detay,15.000 TL
https://www.sahibinden.com/ilan/emlak-konut-kiralik-durak-emlaktan-tramvaya-yurume-mesafesinde-esyali-kiralik-1-plus1-1215254056/detay,15.500 TL
https://www.sahibinden.com/ilan/emlak-konut-kiralik-atakum-kurupelit-rayliya-400-mt-kiralik-esyali-daire-1290651920/detay,13.500 TL
https://www.sahibinden.com/ilan/emlak-konut-kiralik-vadi-den-atakent-tramvay-duraginda-cambalkonlu-2-plus1-kiralik-daire-1290246584/detay,17.500 TL
https://www.sahibinden.com/ilan/emlak-konut-kiralik-pamuklu-bulvarinda-sifir-1-plus1-1262545257/detay,9.250 TL
https://www.sahibinden.com/ilan/emlak-konut-kiralik-omu-tramvay-duragina-200m-deniz-manzarali-kiralik-1-plus1-daire-1284680313/detay,11.500 TL
https://www.sahibinden.com/ilan/emlak-konut-kiralik-sahibinden-esyali-1-plus1-1284477821/detay,16.000 TL
https://www.sahibinden.com/ilan/emlak-konut-kiralik-bulut-emlak-korfezde-ulasima-ykn-esyali-genis-1-plus1-kiralik-daire-1290818525/detay,14.500 TL
https://www.sahibinden.com/ilan/emlak-konut-kiralik-truva-nazim-demirci-den-atacity-rezidans-esyali-liralik-1-plus0-dair-1284667334/detay,12.000 TL
https://www.sahibinden.com/ilan/emlak-konut-kiralik-mevlana-mahallesi-ful-esyali-kiralik-daire-1290058843/detay,25.000 TL
https://www.sahibinden.com/ilan/emlak-konut-kiralik-korfez-in-kalbinde-ayricalikli-yasam-denize-100m-1263994872/detay,13.500 TL
https://www.sahibinden.com/ilan/emlak-konut-kiralik-hedef-ten-atakent-sahil-denize-yurume-cok-yakin-full-esyali-1-plus1-1290221371/detay,17.500 TL
https://www.sahibinden.com/ilan/emlak-konut-kiralik-remax-modern-den-luks-rezidans-ta-4-plus1-kiralik-firsat-daire-1284334787/detay,42.000 TL
https://www.sahibinden.com/ilan/emlak-konut-kiralik-emlak-kent-ten-mevlana-da-deniz-manzarali-kiralik-3-plus1-daire-1278402287/detay,25.000 TL
https://www.sahibinden.com/ilan/emlak-konut-kiralik-pelitkoy-tokide-kiralik-esyali-daire-1259264365/detay,20.000 TL
https://www.sahibinden.com/ilan/emlak-konut-kiralik-gokdelenler-bolgesinde-bulvara-cephe-kiralik-luks-2-plus1-1278044815/detay,23.000 TL
https://www.sahibinden.com/ilan/emlak-konut-kiralik-korfez-mah.anayol-ile-tramvay-duragi-ortasinda-kiralik-1-plus1-daire-1280988557/detay,17.000 TL
https://www.sahibinden.com/ilan/emlak-konut-kiralik-umut-emlak-tan-korfezde-1-plus1-esyali-kiralik-daire-ara-kat-1278205038/detay,15.000 TL
https://www.sahibinden.com/ilan/emlak-konut-kiralik-atakum-buyukoyumca-mahallesinde-kiralik-1-plus1-esyali-daire-1284357406/detay,16.000 TL
https://www.sahibinden.com/ilan/emlak-konut-kiralik-rookz-hedef-bartu-dan-korfezde-sifir-esyali-1-plus1-kiralik-daire-1278578323/detay,15.500 TL
https://www.sahibinden.com/ilan/emlak-konut-kiralik-samyap-tan-sahile-100-metre-esyasiz-kiralik-2-plus1-daire-1264436098/detay,17.000 TL
https://www.sahibinden.com/ilan/emlak-konut-kiralik-yatirim-plus-tan-atakent-mahallesinde-sifir-2-plus1-daire-1287236111/detay,20.000 TL
https://www.sahibinden.com/ilan/emlak-konut-kiralik-alan-emlaktan-kiralik-1-plus1-ful-esyali-kiralik-daire-1290014384/detay,20.000 TL
https://www.sahibinden.com/ilan/emlak-konut-kiralik-sahibinden-kiralik-1-plus1-sifir-daire-1284401730/detay,16.750 TL
https://www.sahibinden.com/ilan/emlak-konut-kiralik-kiralik-1-plus1-daire-1289981122/detay,12.500 TL
https://www.sahibinden.com/ilan/emlak-konut-kiralik-sahibinden-atakent-tramvay-duragina-yakin-1-plus1-1290009398/detay,15.500 TL
https://www.sahibinden.com/ilan/emlak-konut-kiralik-11-var-daire-sb2f-sebebiyle-sahibinden-bu-fiyata-yok-acik-otopark-846813801/detay,23.000 TL
https://www.sahibinden.com/ilan/emlak-konut-kiralik-korfez-duraginin-ustu-tramvaya-5-dk-narin-hanim-apartmani-1266692777/detay,23.000 TL
https://www.sahibinden.com/ilan/emlak-konut-kiralik-ugur-varol-dan-korfez-de-tramvay-ve-sahile-yakin-3-plus1-genis-daire-1271981482/detay,31.000 TL
https://www.sahibinden.com/ilan/emlak-konut-kiralik-selin-gayrimenkulden-sahilde-baran-life-kiralik-daire-1241012784/detay,28.000 TL
https://www.sahibinden.com/ilan/emlak-konut-kiralik-selin-gayrimenkulden-rayli-sisteme-cephe-lux-1-plus1-kiralik-daire-1056913643/detay,14.000 TL
https://www.sahibinden.com/ilan/emlak-konut-kiralik-sahibinden-1-plus1-daire-1290000591/detay,13.500 TL
https://www.sahibinden.com/ilan/emlak-konut-kiralik-akdaglar-66-dan-turkis-de-bahce-kati-kiralik-2-plus1-daire-1274886039/detay,16.500 TL
https://www.sahibinden.com/ilan/emlak-konut-kiralik-tansu-inandan-cagaloglu-ve-tramvayin-arasinda-ara-kat-3-plus1-1289994583/detay,26.000 TL
https://www.sahibinden.com/ilan/emlak-konut-kiralik-bafirer-den-atakum-korfezde-site-icerisinde-kiralik-2-plus1-daire-1288614068/detay,21.500 TL
https://www.sahibinden.com/ilan/emlak-konut-kiralik-esyali-tramvay-duragina-cephe-deniz-manzarali-1-plus1-1275110777/detay,14.800 TL
https://www.sahibinden.com/ilan/emlak-konut-kiralik-kiralik-3-plus1-esyali-daire-atakum-yenimahalle-tramvaya-cok-yakin-1289982767/detay,30.000 TL
https://www.sahibinden.com/ilan/emlak-konut-kiralik-marina-gayrimenkulden-sahilde-kiralik-daire-1284380396/detay,30.000 TL
https://www.sahibinden.com/ilan/emlak-konut-kiralik-sahibinden-atakum-yeni-mahallede-1-plus1-ful-esyali-kiralik-daire-1289986013/detay,16.000 TL
https://www.sahibinden.com/ilan/emlak-konut-kiralik-marka-dan-tramwaya-100-mt-lux-esyali-kiralik-1-plus1-daire-1287721411/detay,15.500 TL
https://www.sahibinden.com/ilan/emlak-konut-kiralik-sahibinden-kiralik-2-plus1-harika-konumda-1289985207/detay,22.000 TL
https://www.sahibinden.com/ilan/emlak-konut-kiralik-korfez-tramvay-a-200-metre-esyali-kiralik-1-plus1-daire-1291062128/detay,15.000 TL
https://www.sahibinden.com/ilan/emlak-konut-kiralik-korfez-tramvay-duragina-cok-yakin-1-plus1-esyasiz-kiralik-daire-1271951726/detay,12.500 TL
https://www.sahibinden.com/ilan/emlak-konut-kiralik-acik-otopark-hastalik-sebebiyle-11-var-doga-manzarali-fiyat-sb2f-konut-846778860/detay,14.800 TL
https://www.sahibinden.com/ilan/emlak-konut-kiralik-atakum-da-deniz-manzarali-2-plus1-lotf-cift-balkonlu-kiralik-daire-1277998312/detay,25.000 TL
https://www.sahibinden.com/ilan/emlak-konut-kiralik-yenimahalle-cagaloglu-enes-caddesinde-4-plus1-kiralik-ara-kat-daire-1264041798/detay,20.000 TL
https://www.sahibinden.com/ilan/emlak-konut-kiralik-marka-dan-balac-bolgesinde-ultra-lux-esyali-kiralik-1-plus1-daireler-1289971446/detay,25.500 TL
https://www.sahibinden.com/ilan/emlak-konut-kiralik-sew-sati-cosar-dikici-den-1271665428/detay,12.000 TL
https://www.sahibinden.com/ilan/emlak-konut-kiralik-bulut-emlak-tan-mevlana-da-genis-2-plus1-kiralik-daire-1289964286/detay,21.500 TL
https://www.sahibinden.com/ilan/emlak-konut-kiralik-atakum-ciragan-sitesinde-kiralik-2-plus1-daire-1281509839/detay,25.250 TL
https://www.sahibinden.com/ilan/emlak-konut-kiralik-korfez-mah-ulasima-ve-marketlere-yakin-1-plus1-1287186106/detay,10.000 TL
https://www.sahibinden.com/ilan/emlak-konut-kiralik-atakum-da-yerlesik-hayatin-icinde-ve-ulasimi-guclu-kiralik-daire-1289961893/detay,19.000 TL
https://www.sahibinden.com/ilan/emlak-konut-kiralik-deniz-manzarali-cadde-cephe-3-plus1-sifir-130-m2-ara-kat-daire-1284123617/detay,29.000 TL
https://www.sahibinden.com/ilan/emlak-konut-kiralik-sahibinden-esyali-1-plus1-kiralik-1289966293/detay,15.500 TL
https://www.sahibinden.com/ilan/emlak-konut-kiralik-deniz-manzarali-cadde-cephe-3-plus1-sifir-130-m2-ara-kat-daire-1284123617/detay,29.000 TL
https://www.sahibinden.com/ilan/emlak-konut-kiralik-sahibinden-esyali-1-plus1-kiralik-1289966293/detay,15.500 TL
https://www.sahibinden.com/ilan/emlak-konut-kiralik-bulut-emlaktan-hem-konforlu-hem-ekonomik-aidat-bizden-1-plus1-1290310100/detay,11.000 TL
https://www.sahibinden.com/ilan/emlak-konut-kiralik-atakum-gokdelen-bolgesi-nde-kiralik-4-plus1-daire-1283859300/detay,37.000 TL
https://www.sahibinden.com/ilan/emlak-konut-kiralik-nirvana-dan-sahile-cephe-kiralik-5-plus2-dubleks-daire-1215410042/detay,51.000 TL
https://www.sahibinden.com/ilan/emlak-konut-kiralik-egem-emlak-tan-ulasima-yakin-kiralik-sifir-1-plus1-daireler-1283891295/detay,13.000 TL
https://www.sahibinden.com/ilan/emlak-konut-kiralik-toplu-konut-bulvarina-cok-yakin-kombisi-takili-1-plus1-1284249369/detay,9.250 TL
https://www.sahibinden.com/ilan/emlak-konut-kiralik-samyaptan-kiralik-3-plus1-omurevleri-tramvav-duraginda-1290107833/detay,21.000 TL
https://www.sahibinden.com/ilan/emlak-konut-kiralik-turgut-ozal-yurduna-cephe-1281303665/detay,10.000 TL
https://www.sahibinden.com/ilan/emlak-konut-kiralik-atakakum-kara-yollari-ustu-salon-mutfak-ayri-2-plus1-daire-1284291097/detay,22.500 TL
https://www.sahibinden.com/ilan/emlak-konut-kiralik-sahibinden-korfez-tramvay-duragi-nda-kiralik-esyali-1-plus1-daire-1143617798/detay,18.000 TL
https://www.sahibinden.com/ilan/emlak-konut-kiralik-var-sb2f-firsat-acik-otopark-merkezi-konum-konut-genis-11-846865845/detay,14.000 TL
https://www.sahibinden.com/ilan/emlak-konut-kiralik-kopru-grup-tan-kiralik-sifir-esyali-bahce-kati-1-plus1-1278041218/detay,20.000 TL
https://www.sahibinden.com/ilan/emlak-konut-kiralik-hisardan-2-plus1-kiralik-daire-1289948465/detay,17.000 TL
https://www.sahibinden.com/ilan/emlak-konut-kiralik-revizyon-prime-dan-beypinarda-2-plus1-kiralik-yeni-daire-1284336044/detay,22.000 TL
https://www.sahibinden.com/ilan/emlak-konut-kiralik-sahibinden-atakumda-sifir-esyali-kiralik-1-plus1-sifir-daire-1289948341/detay,17.500 TL
https://www.sahibinden.com/ilan/emlak-konut-kiralik-ayse-kopuz-dan-bahce-kat-esyali-1-plus1-1290498028/detay,14.500 TL
https://www.sahibinden.com/ilan/emlak-konut-kiralik-truva-onur-gunduzcu-den-rte-bulvarrina-cok-yakin-esyali-1-plus1-1284266618/detay,13.999 TL
https://www.sahibinden.com/ilan/emlak-konut-kiralik-atakum-turkis-te-esyali-buyuk-2-plus1-1271706993/detay,21.000 TL
https://www.sahibinden.com/ilan/emlak-konut-kiralik-sahibinden-kiralik-genis-1-plus1-1228155069/detay,12.000 TL
https://www.sahibinden.com/ilan/emlak-konut-kiralik-2-yasinda-binada-bulvar-cepheli-kiralik-1-plus1-daire-1289941341/detay,14.000 TL
https://www.sahibinden.com/ilan/emlak-konut-kiralik-tramvaya-3-dk-2-plus1-kiralik-daire-1287330268/detay,23.500 TL
https://www.sahibinden.com/ilan/emlak-konut-kiralik-universite-ye-yakin-kiralik-1-plus1-1239641560/detay,16.000 TL
https://www.sahibinden.com/ilan/emlak-konut-kiralik-eczaneler-tramvayinda-abonelikleri-acik-markete-sahile-yakin-1272175286/detay,14.500 TL
https://www.sahibinden.com/ilan/emlak-konut-kiralik-kurupelit-mah-soguksu-blv-cephe-kiralik-2-plus1-daire-1284314485/detay,25.000 TL
https://www.sahibinden.com/ilan/emlak-konut-kiralik-kurupelit-tramvay-duragina-1-dk-mesafede-sahibinden-kiralik-1-plus1-1267252675/detay,18.000 TL
https://www.sahibinden.com/ilan/emlak-konut-kiralik-brn-global-den-nu-terasin-karsisinda-kiralik-2-plus1-luks-daire-1284284128/detay,25.000 TL
https://www.sahibinden.com/ilan/emlak-konut-kiralik-atakum-atakentte-kiralik-3-plus1-daire-1289929698/detay,25.000 TL
https://www.sahibinden.com/ilan/emlak-konut-kiralik-atakum-kamali-bulvari-3-plus1-kiralik-daire-1289927473/detay,20.000 TL
https://www.sahibinden.com/ilan/emlak-konut-kiralik-korfez-de-anayola-cephe-esyali-kiralik-1-plus1-1289926838/detay,25.000 TL
https://www.sahibinden.com/ilan/emlak-konut-kiralik-cem-emlaktan-3-plus1-kiralik-daire-1289905558/detay,17.000 TL
https://www.sahibinden.com/ilan/emlak-konut-kiralik-19-mayis-caddesine-yakin-kiralik-2-plus1-1289854108/detay,19.000 TL
https://www.sahibinden.com/ilan/emlak-konut-kiralik-bulut-emlak-tan-tramvaya-yurume-mesafesinde-kiralik-1-plus1-daire-1290259792/detay,17.000 TL
https://www.sahibinden.com/ilan/emlak-konut-kiralik-cumhuriyet-mahallesi-esyali-3-plus1-tranvay-alti-daire-1289923052/detay,19.000 TL
https://www.sahibinden.com/ilan/emlak-konut-kiralik-atakum-da-tramvaya-yakin-full-deniz-manzarali-1-plus1-kiralik-daire-1281438813/detay,11.000 TL
https://www.sahibinden.com/ilan/emlak-konut-kiralik-denizevlerinde-kiralik-2-plus1-tramvay-altinda-genis-daire-1289920874/detay,12.750 TL
https://www.sahibinden.com/ilan/emlak-konut-kiralik-tramvaya-cephe-depozitosuz-lux-esyali-1-plus1-1210563533/detay,15.250 TL
https://www.sahibinden.com/ilan/emlak-konut-kiralik-beronteam-den-turkisin-merkezinde-kiralik-2-plus1-daire-1287123018/detay,20.000 TL
https://www.sahibinden.com/ilan/emlak-konut-kiralik-korfezde-esyali-kiralik-2-plus1-ddaire-1284098592/detay,20.000 TL
https://www.sahibinden.com/ilan/emlak-konut-kiralik-kuvvet-ten-esyali-esenevlerde-1-plus1-kiralik-daire-1284281077/detay,13.000 TL
https://www.sahibinden.com/ilan/emlak-konut-kiralik-denizevleri-adnan-menderes-bulvarina-cephe-3-plus1-esyali-kiralik-1284280343/detay,30.000 TL
https://www.sahibinden.com/ilan/emlak-konut-kiralik-denizevleri-adnan-menderes-bulvarina-cephe-3-plus1-esyali-kiralik-1284280343/detay,30.000 TL
https://www.sahibinden.com/ilan/emlak-konut-kiralik-devyap-tan-kiralik-1-plus1-1290994965/detay,17.000 TL
https://www.sahibinden.com/ilan/emlak-konut-kiralik-kiralik-1-plus1-daire-1273537684/detay,10.500 TL
https://www.sahibinden.com/ilan/emlak-konut-kiralik-ronesans-emlak-tan-ulasima-yakin-genis-1-plus1-daire-1278136668/detay,11.250 TL
https://www.sahibinden.com/ilan/emlak-konut-kiralik-brnglobal-2-plus1-salon-mutfak-ayri-deniz-manzarali-kiralik-daireler-1272086523/detay,25.000 TL
https://www.sahibinden.com/ilan/emlak-konut-kiralik-hedef-ten-pelitkoy-sahil-anayola-bir-sokak-sifir-esyali-luks-1-plus1-1290227570/detay,20.000 TL
https://www.sahibinden.com/ilan/emlak-konut-kiralik-selin-gayrimenkulden-1-plus1-kiralik-daire-1275886428/detay,9.500 TL
https://www.sahibinden.com/ilan/emlak-konut-kiralik-sahibinden-yenimahalle-tramvay-duragina-cephe-merkezi-konum-1289883339/detay,21.000 TL
https://www.sahibinden.com/ilan/emlak-konut-kiralik-remax-yunus-tekin-den-korfez-de-kiralik-esyali-1-plus1-daire-1272326448/detay,15.000 TL
https://www.sahibinden.com/ilan/emlak-konut-kiralik-sahile-yurume-mesafesinde-yeni-mah-2-plus1-kiralik-merkezi-konum-1289884777/detay,16.000 TL
https://www.sahibinden.com/ilan/emlak-konut-kiralik-korfez-mah-kiralik-1-plus1-daire-1277985483/detay,9.999 TL
https://www.sahibinden.com/ilan/emlak-konut-kiralik-mimarsinan-mahallesinde-esyali-kiralik-dubleks-1277302475/detay,26.000 TL
https://www.sahibinden.com/ilan/emlak-konut-kiralik-truva-dan-atakum-b.oyumca-pelitkoy-toki-bul.na-yakin-kiralik-1-plus1-1284213853/detay,10.499 TL
https://www.sahibinden.com/ilan/emlak-konut-kiralik-yeni-mahallede-sahile-yakin-esyali-kiralik-3-plus1-1289883845/detay,26.000 TL
https://www.sahibinden.com/ilan/emlak-konut-kiralik-bulut-emlak-toplu-konut-bulvari-na-cephe-esyali-kiralik-1-plus1-1272871751/detay,14.000 TL
https://www.sahibinden.com/ilan/emlak-konut-kiralik-sagem-den-atakum-kandilli-cad.3-plus1-kiralik-daire-1273756776/detay,22.000 TL
https://www.sahibinden.com/ilan/emlak-konut-kiralik-samyaptan-atakumda-tramvaya-cok-yakin-1-plus1-kiralik-daire-1290969821/detay,12.000 TL
https://www.sahibinden.com/ilan/emlak-konut-kiralik-abonelikler-acik-korfez-tramvaya-yakin-arakat-lux-esyali-1-plus1-1283201469/detay,16.000 TL
https://www.sahibinden.com/ilan/emlak-konut-kiralik-cagaloglu-na-250-m-mesafede-genis-ve-kullanisli-3-plus1-kiralik-1289876832/detay,23.500 TL
https://www.sahibinden.com/ilan/emlak-konut-kiralik-korfezde-sifir-lux-esyali-1-plus1-1248117319/detay,13.500 TL
https://www.sahibinden.com/ilan/emlak-konut-kiralik-esenevlerde-deniz-manzarali-dublex-1281132691/detay,25.000 TL
https://www.sahibinden.com/ilan/emlak-konut-kiralik-full-deniz-manzarali-2-plus1-pazarlik-var-1289872551/detay,16.499 TL
https://www.sahibinden.com/ilan/emlak-konut-kiralik-sifir-lux-esyali-cam-balkonlu-kiralik-genis-1-plus1-daire-1284454125/detay,14.999 TL
https://www.sahibinden.com/ilan/emlak-konut-kiralik-cakirlar-esyali-kiralik-sifir-1-plus1-daire-1272102532/detay,14.000 TL
https://www.sahibinden.com/ilan/emlak-konut-kiralik-cam-balkonlu-arakat-esyali-kiralik-daire-1277994342/detay,14.000 TL
https://www.sahibinden.com/ilan/emlak-konut-kiralik-sahibinden-turkis-merkezde-2-plus1-1289867800/detay,18.000 TL
https://www.sahibinden.com/ilan/emlak-konut-kiralik-2-plus1-esyali-kiralik-daire-korupark-sit-1272135093/detay,24.000 TL
https://www.sahibinden.com/ilan/emlak-konut-kiralik-kiralik-bahce-kati-daire-1289724682/detay,17.000 TL
https://www.sahibinden.com/ilan/emlak-konut-kiralik-44-gayrimenkul-den-korfez-de-site-icerisinde-esyali-1-plus1-dairemiz-1284175670/detay,12.500 TL
https://www.sahibinden.com/ilan/emlak-konut-kiralik-korfez-toplulonut-bulvarinda-1-plus1-kiralik-1289854384/detay,13.000 TL
https://www.sahibinden.com/ilan/emlak-konut-kiralik-konut-son-3-gun-sahibinden-var-kacirilmayacak-firsat-sb2f-otopark-11-846743781/detay,36.000 TL
https://www.sahibinden.com/ilan/emlak-konut-kiralik-atakum-balacta-manzarasiyla-fark-yaratan-kiralik-2-plus1-1277114331/detay,19.500 TL
https://www.sahibinden.com/ilan/emlak-konut-kiralik-atakumda-havuzlu-site-4-plus1-kiralik-daire-1289852066/detay,36.000 TL
https://www.sahibinden.com/ilan/emlak-konut-kiralik-korfez-de-tranvaya-300-metre-mesafede-genis-kiralik-1-plus1-esyali-1270272951/detay,15.000 TL
"https://www.sahibinden.com/ilan/emlak-konut-kiralik-denizevleri-tramvay-duragina-100m-genis-ve-ferah-kiralik-1,5-plus1-1290025244/detay",16.000 TL
https://www.sahibinden.com/ilan/emlak-konut-kiralik-sifir-full-esyali-gorebileceginiz-en-buyuk-1-plus1-sizleri-bekliyor-1278573312/detay,16.500 TL
https://www.sahibinden.com/ilan/emlak-konut-kiralik-sahibinden-samsun-atakum-korfez-1-plus1-esyali-kiralik-daire-1289846630/detay,17.000 TL
https://www.sahibinden.com/ilan/emlak-konut-kiralik-samyap-tan-omurevleri-tramvay-duragina-cehpe-kiralik-1-plus1-daire-1289847955/detay,20.500 TL
https://www.sahibinden.com/ilan/emlak-konut-kiralik-mavi-atlas-tan-atakum-site-icerisinde-esyali-kiralik-1-plus1-daire-1271818431/detay,16.000 TL
https://www.sahibinden.com/ilan/emlak-konut-kiralik-rwb-dogukan-ak-tan-korfez-tramvaya-200-mt-mesafede-kiralik-1-plus1-1284194768/detay,12.500 TL
https://www.sahibinden.com/ilan/emlak-konut-kiralik-akdaglar-66-gayrimenkul-guvencesinde-kurupelit-mah-de-genis-2-plus1-1278329522/detay,23.000 TL
https://www.sahibinden.com/ilan/emlak-konut-kiralik-akdaglar-66-gayrimenkul-guvencesinde-kurupelit-mah-de-genis-2-plus1-1278329522/detay,23.000 TL
https://www.sahibinden.com/ilan/emlak-konut-kiralik-atakum-kucukkolpinar-kiralik-3-plus1-1289841535/detay,26.000 TL
https://www.sahibinden.com/ilan/emlak-konut-kiralik-atakent-merkezde-kiralik-2-plus1-esyali-esyasiz-konut-isyeri-1289843285/detay,16.000 TL
https://www.sahibinden.com/ilan/emlak-konut-kiralik-karan__yeni-mahalle-istanbul-cad.esyali-1-plus1-kiralik-daire-1284208033/detay,15.000 TL
https://www.sahibinden.com/ilan/emlak-konut-kiralik-atakent-de-tranwaya-konum-esyali-2-1-1284367042/detay,25.500 TL
https://www.sahibinden.com/ilan/emlak-konut-kiralik-truva-nazim-demirci-den-korupark-evleri-luks-esyali-kiralik-1-plus1-1289831138/detay,14.500 TL
https://www.sahibinden.com/ilan/emlak-konut-kiralik-sahil-kenarinda-mimar-sinan-kiralik-2-plus-1-daire-1284109502/detay,18.000 TL
https://www.sahibinden.com/ilan/emlak-konut-kiralik-nisantasinda-merkezi-konumda-d-manzarali-sifir-esyali-1-plus1-1284296642/detay,18.000 TL
https://www.sahibinden.com/ilan/emlak-konut-kiralik-atakum-esenevlerde-3-plus1-kiralik-daire-1114362557/detay,27.500 TL
https://www.sahibinden.com/ilan/emlak-konut-kiralik-medikal-park-arkasi-3-plus1-temiz-arakat-kiralik-daire-1283882647/detay,16.000 TL
"https://www.sahibinden.com/ilan/emlak-konut-kiralik-esila-dan-balacta,korupark-altinda-kiralik-1-plus1-daire-1289821255/detay",10.000 TL
https://www.sahibinden.com/ilan/emlak-konut-kiralik-astroyal-emlak-korfez-mah-esyali-kiralik-1-plus1-daire-1278307908/detay,14.000 TL
https://www.sahibinden.com/ilan/emlak-konut-kiralik-daire-acil-sahibinden-21-giris-kati-merkeze-sb2f-dk-uzaklikta-var-846828792/detay,16.500 TL
https://www.sahibinden.com/ilan/emlak-konut-kiralik-gordugunuz-tum-manzaralari-unutun-1288533374/detay,16.500 TL
https://www.sahibinden.com/ilan/emlak-konut-kiralik-kauf-dilek-ten-full-deniz-manzarali-esyali-ulasima-yakin-1-plus1-1289814526/detay,16.000 TL
https://www.sahibinden.com/ilan/emlak-konut-kiralik-atakum-yenimahalle-de-luks-kiralik-3-plus1-daire-1284181264/detay,27.000 TL
https://www.sahibinden.com/ilan/emlak-konut-kiralik-tramvaya-2.bina-sahile-3dak-onu-acik-esyali-kiralik-1-plus1-1253519115/detay,15.500 TL
https://www.sahibinden.com/ilan/emlak-konut-kiralik-bulut-emlak-cagalogluna-2-sokak-giris-kat-1-plus1-1289811521/detay,10.500 TL
https://www.sahibinden.com/ilan/emlak-konut-kiralik-faktor-den-site-icerisinde-arakat-kiralik-2-plus1-daire-1289983193/detay,16.500 TL
https://www.sahibinden.com/ilan/emlak-konut-kiralik-guzelyali-da-deniz-manzarali-sifir-kullanisli-3-plus1-sik-daire-1270985713/detay,48.500 TL
https://www.sahibinden.com/ilan/emlak-konut-kiralik-marka-dan-toplu-konut-bulv.50-mt-lux-esyali-1-plus1-kiralik-daire-1287717937/detay,14.500 TL
https://www.sahibinden.com/ilan/emlak-konut-kiralik-mabel-samsundan-deniz-ve-doganin-kalbinde-lux-villa-1284106643/detay,80.000 TL
https://www.sahibinden.com/ilan/emlak-konut-kiralik-balac-alaturka-kule-deniz-manzarali-ultra-lux-4-plus1-daire-1283992398/detay,80.000 TL
https://www.sahibinden.com/ilan/emlak-konut-kiralik-atakum-korfez-marina-da-1-plus1-esyali-site-ici-kiralik-daire-1271951579/detay,24.000 TL
https://www.sahibinden.com/ilan/emlak-konut-kiralik-merkezi-konum-site-ici-lux-2-plus1-daire-1289974317/detay,28.000 TL
https://www.sahibinden.com/ilan/emlak-konut-kiralik-yenimahalle-tramvay-altinda-esyali-kiralik-1-plus1-daire-1284359613/detay,18.000 TL
https://www.sahibinden.com/ilan/emlak-konut-kiralik-revizyon-marina-suat-simsek-den-deniz-manzarali-kiralik-1-plus1-1283271350/detay,11.000 TL
https://www.sahibinden.com/ilan/emlak-konut-kiralik-ekip-emlak-site-icersinde-kiralik-luks-sifir-villa-7-plus1-1243626001/detay,85.000 TL
https://www.sahibinden.com/ilan/emlak-konut-kiralik-atakum-tramvay-duraginda-lux-kiralik-daire-ofis-1290314551/detay,23.000 TL
https://www.sahibinden.com/ilan/emlak-konut-kiralik-ns-gayrimenkul-hakan-dan-kiralik-daire-4-plus1-1283966500/detay,37.000 TL
https://www.sahibinden.com/ilan/emlak-konut-kiralik-hakan-dan-istiklal-mah-kiralik-1-plus1-1226534822/detay,11.500 TL
https://www.sahibinden.com/ilan/emlak-konut-kiralik-kacirilmayacak-firsat-emlak-ofisinden-ferah-sahibinden-acik-sb2f-31-kiralik-846804201/detay,11.500 TL
https://www.sahibinden.com/ilan/emlak-konut-kiralik-samyap-tan-kapali-balkonlu-deniz-manzarali-2-plus1-kiralik-daire-1185550267/detay,26.000 TL
https://www.sahibinden.com/ilan/emlak-konut-kiralik-rw-betadan-kiralik-2-plus1-ters-dublex-1289781408/detay,25.500 TL
https://www.sahibinden.com/ilan/emlak-konut-kiralik-truva-dan-omu-ye-ve-tramvaya-yakin-ankastreli-esyasiz-1-plus1-daire-1289957784/detay,10.250 TL
https://www.sahibinden.com/ilan/emlak-konut-kiralik-medikal-park-hastanesi-yani-2-plus1-kiralik-daire-1289961909/detay,17.000 TL
https://www.sahibinden.com/ilan/emlak-konut-kiralik-egem-emlak-tan-denize-sifir-site-de-3-plus1-lux-esyali-kiralik-daire-1145928711/detay,55.000 TL
https://www.sahibinden.com/ilan/emlak-konut-kiralik-korfez-tranvayin-altinda-1-plus1-esyali-kiralik-daire-1289959885/detay,17.000 TL
https://www.sahibinden.com/ilan/emlak-konut-kiralik-atakum-korfez-mahallesinde-kiralik-luks-ferah-loft-1-plus1-1289775253/detay,12.500 TL
https://www.sahibinden.com/ilan/emlak-konut-kiralik-taflan-yali-mahallesi-nde-sik-ve-konforlu-kiralik-villa-1227307191/detay,85.000 TL
https://www.sahibinden.com/ilan/emlak-konut-kiralik-kuvvet-ten-cok-kullanisli-bulvara-sadece-1-sk-cam-balkonlu-1-plus1-1284550329/detay,15.000 TL
https://www.sahibinden.com/ilan/emlak-konut-kiralik-korfezde-kiralik-1-plus1-daire-1286991307/detay,10.500 TL
https://www.sahibinden.com/ilan/emlak-konut-kiralik-korfezde-kiralik-1-plus1-daire-1286991307/detay,10.500 TL
https://www.sahibinden.com/ilan/emlak-konut-kiralik-acil-kiralik-omur-evleri-tramvay-duraginin-yaninda-3-plus1-1284115051/detay,24.500 TL
https://www.sahibinden.com/ilan/emlak-konut-kiralik-atakum-sahil-bandinin-en-merkezi-lokasyonunda-harika-deniz-cephe-1284060016/detay,30.000 TL
https://www.sahibinden.com/ilan/emlak-konut-kiralik-yeni-mahalle-tramvay-duraginda-2-plus1-daire-1260271665/detay,19.000 TL
https://www.sahibinden.com/ilan/emlak-konut-kiralik-tramvay-altinda-shell-benzinlik-arkasi-sahile-anayola-yakin-3-plus1-1265884223/detay,26.000 TL
https://www.sahibinden.com/ilan/emlak-konut-kiralik-yazganlar-gayrimenkulden-kiralik-tramvaya-yakin-sifir-daire-1289762866/detay,22.500 TL
https://www.sahibinden.com/ilan/emlak-konut-kiralik-faktor-den-ultra-luks-yat-limaninda-2-plus1-1289946521/detay,35.000 TL
https://www.sahibinden.com/ilan/emlak-konut-kiralik-tozluemlak-tan-deniz-manzarali-giyinme-odali-1-plus1-kiralik-1289754606/detay,12.000 TL
https://www.sahibinden.com/ilan/emlak-konut-kiralik-truva-ahmet-ten-istiklal-de-site-icinde-esyali-kiralik-1-plus1-daire-1289942487/detay,17.000 TL
https://www.sahibinden.com/ilan/emlak-konut-kiralik-sahile-yurume-mesafesinde-kiralik-1-plus1-daire-1260108759/detay,17.500 TL
https://www.sahibinden.com/ilan/emlak-konut-kiralik-sahibinden-atakum-korfez-de-1-plus1-deniz-manzarali-esyali-daire-1251117737/detay,18.250 TL
https://www.sahibinden.com/ilan/emlak-konut-kiralik-sahibinden-atakum-korfezde-esyali-1-plus1-kiralik-daire-1252695456/detay,15.000 TL
https://www.sahibinden.com/ilan/emlak-konut-kiralik-taflan-sahilde-denize-1dk-yenilenmis-yillik-kiralik-yazlik-1104540910/detay,100.000 TL
https://www.sahibinden.com/ilan/emlak-konut-kiralik-ultra-luks-esyali-kiralik-rezidans-daire-1272027395/detay,25.000 TL
https://www.sahibinden.com/ilan/emlak-konut-kiralik-the-north-tower-1-etap-kiralik-2-plus1-loft-daire-1268879337/detay,18.000 TL
https://www.sahibinden.com/ilan/emlak-konut-kiralik-esenevler-mah-tramvaya-3-dk-3-plus1-genis-ebeveyn-banyolu-120-m2-1278048367/detay,23.000 TL
https://www.sahibinden.com/ilan/emlak-konut-kiralik-korfez-mh-esyali-kiralik-55-m2-1-plus1-daire-deniz-manzarali-1283779071/detay,17.000 TL
https://www.sahibinden.com/ilan/emlak-konut-kiralik-tranwaya-100-m-mesafede-esyali-kiralik-1-plus1-1246855269/detay,14.500 TL
https://www.sahibinden.com/ilan/emlak-konut-kiralik-royal-diamond-an-atakum-da-havuzlu-esyali-kiralik-1-plus1-daire-1289927120/detay,18.000 TL
https://www.sahibinden.com/ilan/emlak-konut-kiralik-yenimahalle-de-deniz-manzarali-ve-tramvaya-yakin-remax-gokhan-1288635501/detay,13.000 TL
https://www.sahibinden.com/ilan/emlak-konut-kiralik-incesu-merkezi-konum-esyali-kiralik-1-plus1-daire-1272022490/detay,15.000 TL
https://www.sahibinden.com/ilan/emlak-konut-kiralik-atakumda-tramayin-altinda-genis-terasli-kapali-2-plus1-daire-1289737938/detay,19.000 TL
https://www.sahibinden.com/ilan/emlak-konut-kiralik-karadeniz-den-yenimahalle-de-esyali-kiralik-1-plus1-daire-1289736587/detay,14.100 TL
https://www.sahibinden.com/ilan/emlak-konut-kiralik-uygar-gayrimenkul-den-sifir-genis-lux-1-plus1-kiralik-daire-1289919868/detay,10.500 TL
https://www.sahibinden.com/ilan/emlak-konut-kiralik-atakumda-kiralik-2-plus1-esyali-daire-1263754057/detay,15.000 TL
https://www.sahibinden.com/ilan/emlak-konut-kiralik-esenevlerde-kiralik-2-plus1-daire-1284080918/detay,17.500 TL
https://www.sahibinden.com/ilan/emlak-konut-kiralik-ronesans-emlak-tan-kiralik-ful-deniz-manzarali-genis-3-plus1-daire-1289916635/detay,30.000 TL
https://www.sahibinden.com/ilan/emlak-konut-kiralik-truva-cagalogluna-yakin-site-icinde-genis-luks-cam-balkonlu-3-plus1-1289900485/detay,30.000 TL
https://www.sahibinden.com/ilan/emlak-konut-kiralik-rookz-hedef-faike-den-merkezi-konumda-3-plus1-kiralik-daire-1283873012/detay,26.000 TL
https://www.sahibinden.com/ilan/emlak-konut-kiralik-denizevlerinde-kiralik-daire-1284072990/detay,22.500 TL
https://www.sahibinden.com/ilan/emlak-konut-kiralik-istiklal-mah-korupark-mevkii-esyasiz-yerden-isitmali-1-plus1-1282508984/detay,10.500 TL
https://www.sahibinden.com/ilan/emlak-konut-kiralik-remax-dincer-den-atakum-da-2-plus1-kiralik-daire-1289726904/detay,12.000 TL
https://www.sahibinden.com/ilan/emlak-konut-kiralik-bulut-emlak-atakum-turkis-merkezde-site-ici-4-plus1-kiralik-daire-1284058060/detay,45.000 TL
https://www.sahibinden.com/ilan/emlak-konut-kiralik-aziz-isik-bul-cephe-genis-esyali-kiralik-1-plus1-daire-1284057830/detay,17.500 TL
https://www.sahibinden.com/ilan/emlak-konut-kiralik-remax-dincer-den-atakum-buyukoyumca-da-essiz-deniz-manzarali-1-plus1-1289714124/detay,11.000 TL
https://www.sahibinden.com/ilan/emlak-konut-kiralik-atakum-buyukoyumca-yoluna-cephe-kiralik-3-1-1278075042/detay,25.500 TL
https://www.sahibinden.com/ilan/emlak-konut-kiralik-ronesans-emlak-fatih-bulut-tan-kiralik-esyali-1-plus1-1269932417/detay,13.000 TL
https://www.sahibinden.com/ilan/emlak-konut-kiralik-31-konut-sb2f-sebebiyle-sahibinden-var-acik-otopark-ferah-846784139/detay,26.000 TL
https://www.sahibinden.com/ilan/emlak-konut-kiralik-referans-gayrimenkulden-cagaloglunda-sifir-kiralik-2-plus1-daire-1277729072/detay,23.000 TL
https://www.sahibinden.com/ilan/emlak-konut-kiralik-atakum-turk-is-cagalogluna-cephe-2-plus1-kiralik-daire-1289703070/detay,25.000 TL
https://www.sahibinden.com/ilan/emlak-konut-kiralik-samsun-atakum-ultraluks-kiralik-1-plus1-daire-1289881251/detay,17.500 TL
https://www.sahibinden.com/ilan/emlak-konut-kiralik-revizyon-prime-sifir-kalite-esyali-kiralik-1-plus1-daire-1290212735/detay,14.750 TL
https://www.sahibinden.com/ilan/emlak-konut-kiralik-remax-kuzeyden-incesuda-anayola-1-bina-esyasiz-kiralik-1-plus1daire-1275109178/detay,10.250 TL
https://www.sahibinden.com/ilan/emlak-konut-kiralik-deniz-manzarali-sifir-esyali-kiralik-1-plus1-daire-1265803287/detay,15.000 TL
https://www.sahibinden.com/ilan/emlak-konut-kiralik-atakum-omurevlerinde-kiralik-3-plus1-esyasiz-daire-1276544881/detay,16.000 TL
https://www.sahibinden.com/ilan/emlak-konut-kiralik-atatepe-deniz-manzarali-2-plus1-kiralik-luks-daire-1283924804/detay,25.000 TL
https://www.sahibinden.com/ilan/emlak-konut-kiralik-revizyon-prime-dan-beypinarda-kiralik-2-plus1-yeni-daire-1283546269/detay,22.000 TL
https://www.sahibinden.com/ilan/emlak-konut-kiralik-gunaydindan-guzelyalida-mukemmel-konumda-kiralik-1-plus1-1252830064/detay,25.000 TL
https://www.sahibinden.com/ilan/emlak-konut-kiralik-ub-grouptan-sahile-sifir-deniz-manzarali-jakuzili-kiralik-daire-1268989144/detay,35.500 TL
https://www.sahibinden.com/ilan/emlak-konut-kiralik-korfezde-sifir-esyali-kiralik-1-plus1-daire-1271914393/detay,15.000 TL
https://www.sahibinden.com/ilan/emlak-konut-kiralik-samyap-tan-yesildere-mh-deniz-manzarali-kiralik-1-plus1-daire-1283979311/detay,14.000 TL
https://www.sahibinden.com/ilan/emlak-konut-kiralik-serba-gayrimenkulden-yeni-mah.tranvaya-cephe-kiralik-1-plus1-1080878794/detay,15.000 TL
https://www.sahibinden.com/ilan/emlak-konut-kiralik-var-sb2f-acil-ferah-acik-otopark-11-merkeze-5-dk-uzaklikta-846763558/detay,22.000 TL
https://www.sahibinden.com/ilan/emlak-konut-kiralik-denizevlerinde-merkezi-konum-salon-ve-mutfak-ayri-kiralik-2-plus1-1289594190/detay,18.000 TL
https://www.sahibinden.com/ilan/emlak-konut-kiralik-gokdelenler-bolgesi-kendine-ait-bahceli-3-plus1-1283989228/detay,25.250 TL
https://www.sahibinden.com/ilan/emlak-konut-kiralik-huzurun-ve-manzaranin-kalbinde-kiralik-1-plus1-1269986126/detay,12.000 TL
https://www.sahibinden.com/ilan/emlak-konut-kiralik-bulut-emlaktan-kiralik-3-plus1-daire-1278164145/detay,21.000 TL
https://www.sahibinden.com/ilan/emlak-konut-kiralik-turkis-medikal-park-yakini-2-plus1-bodrum-kat-kiralik-daire-1283611109/detay,9.000 TL
https://www.sahibinden.com/ilan/emlak-konut-kiralik-via-reform-seyirpark-site-ici-lux-dizayn-sifir-2-plus1-daire-1289663568/detay,18.000 TL
https://www.sahibinden.com/ilan/emlak-konut-kiralik-deniz-manzarali-havuzlu-sitede-kiralik-daire-1210949621/detay,18.000 TL
https://www.sahibinden.com/ilan/emlak-konut-kiralik-samyap-tan-atakent-mh-ulasima-yakin-ayri-mutfak-sifir-2-plus1-daire-1278162048/detay,26.000 TL
https://www.sahibinden.com/ilan/emlak-konut-kiralik-akman-azerbaycan-cad.cephe-tramvaya-1-sokak-kiralik-2-plus1-daire-1289662744/detay,18.000 TL
https://www.sahibinden.com/ilan/emlak-konut-kiralik-bulut-emlaktan-hastaneye-yakin-kiralik-3-plus1-daire-1289591954/detay,22.000 TL
https://www.sahibinden.com/ilan/emlak-konut-kiralik-dora-dan-korfezde-kiralik-3-plus1-daire-1289842147/detay,15.000 TL
https://www.sahibinden.com/ilan/emlak-konut-kiralik-sahibinden-korupark-2-sitesinde-esyali-kiralik-1-plus1-1281488611/detay,14.000 TL
https://www.sahibinden.com/ilan/emlak-konut-kiralik-sahibinden-mevlana-mahallesi-harika-konum-cadde-ustu-daire-1289653467/detay,21.000 TL
https://www.sahibinden.com/ilan/emlak-konut-kiralik-mustafa-mzgun-dne-kiralik-luks-ulasima-yakin-sifir-1-plus1-1271549537/detay,10.000 TL
https://www.sahibinden.com/ilan/emlak-konut-kiralik-yatirim-plus-tan-esenevlerde-kiralik-sifir-2-plus1-daire-1280902855/detay,23.000 TL
https://www.sahibinden.com/ilan/emlak-konut-kiralik-atakum-balac-kolejler-bolgesi-kiralik-lux-1-plus1-daire-1277890285/detay,12.000 TL
https://www.sahibinden.com/ilan/emlak-konut-kiralik-cagaloglu-bulvarina-yakin-1-plus1-1288615570/detay,13.000 TL
https://www.sahibinden.com/ilan/emlak-konut-kiralik-prime-dan-denize-sifir-cankaya-sitesinde-manzarali-kiralik-3-plus1-1283924147/detay,34.500 TL
https://www.sahibinden.com/ilan/emlak-konut-kiralik-denizevleri-sahile-2-bina-bahce-kati-3-plus1-daire-1289631577/detay,15.000 TL
https://www.sahibinden.com/ilan/emlak-konut-kiralik-gokhan-emlak-tan-merkezi-konumlara-yakin-kiralik-full-esyali-1-plus1-1270204776/detay,15.000 TL
https://www.sahibinden.com/ilan/emlak-konut-kiralik-kuvvet-ten-her-seyiyle-mukemmel-otesi-1-plus1-kiralik-daire-1289807250/detay,16.000 TL
https://www.sahibinden.com/ilan/emlak-konut-kiralik-denize-1dk-lux-ve-full-esyali-kiralik-3-plus1-1283887111/detay,43.000 TL
https://www.sahibinden.com/ilan/emlak-konut-kiralik-emlak-dunyasi-anayola-cephe-kiralik-1-plus1-daire-ofis-1090027434/detay,18.000 TL
https://www.sahibinden.com/ilan/emlak-konut-kiralik-atakum-mevlana-mahallesinde-kiralik-1-plus1-daire-1282667142/detay,13.000 TL
https://www.sahibinden.com/ilan/emlak-konut-kiralik-akgun-kurumsal-dan-tramvaya-cephe-kiralik-1-plus1-1283865817/detay,21.000 TL
https://www.sahibinden.com/ilan/emlak-konut-kiralik-tramvaya-cephe-full-esyali-kiralik-1-plus1-daire-1284086119/detay,16.500 TL
https://www.sahibinden.com/ilan/emlak-konut-kiralik-ekip-emlak-yeni-mahalle-merkezde-genis-ve-kullanisli-kiralik-3-plus1-1289595545/detay,28.000 TL
https://www.sahibinden.com/ilan/emlak-konut-kiralik-atakum-korfez-de-tranvaya-cephe-kiralik-1-plus1-daire-1270344071/detay,20.000 TL
https://www.sahibinden.com/ilan/emlak-konut-kiralik-samev-den-duraga-150-metre-esyali-kiralik-1-plus1-1289456801/detay,15.750 TL
https://www.sahibinden.com/ilan/emlak-konut-kiralik-samev-den-duraga-150-metre-esyali-kiralik-1-plus1-1289456801/detay,15.750 TL
https://www.sahibinden.com/ilan/emlak-konut-kiralik-korfezde-1-plus1-esyasiz-sifir-daire-1275549584/detay,10.500 TL
https://www.sahibinden.com/ilan/emlak-konut-kiralik-rw-beta-dan-anayolun-altinda-kiralik-1-plus1-1289777817/detay,25.500 TL
https://www.sahibinden.com/ilan/emlak-konut-kiralik-kurupelit-tramvaya-100-m-mesafede-kiralik-daireler-1276797334/detay,12.000 TL
https://www.sahibinden.com/ilan/emlak-konut-kiralik-bulvara-cephe-genis-1-plus1-daire-1276725703/detay,12.000 TL
https://www.sahibinden.com/ilan/emlak-konut-kiralik-incesu-ana-yola-1-sokak-denize-cok-yakin-kiralik-1-plus1-1283893548/detay,12.500 TL
https://www.sahibinden.com/ilan/emlak-konut-kiralik-truva-onur-gunduzcu-den-tramvaya-yurume-mesafede-kiralik-1-plus1-1289952113/detay,15.490 TL
https://www.sahibinden.com/ilan/emlak-konut-kiralik-atakum-denizevleri-sahile-yakin-3-plus1-bahce-kati-kiralik-1289580459/detay,16.000 TL
https://www.sahibinden.com/ilan/emlak-konut-kiralik-deniz-ve-sehir-manzarali-1289573050/detay,12.000 TL
https://www.sahibinden.com/ilan/emlak-konut-kiralik-truva-onur-dan-ana-yola-cephe-sahile-yakin-esyali-1-plus1-daire-1284259689/detay,21.999 TL
https://www.sahibinden.com/ilan/emlak-konut-kiralik-guzelyali-sahilde-denize-leb-i-derya-3-plus1-kiralik-daire-1277340328/detay,25.000 TL
https://www.sahibinden.com/ilan/emlak-konut-kiralik-atakum-korfezde-deniz-manzarali-esyali-3-plus1-daire-1277399634/detay,21.000 TL
https://www.sahibinden.com/ilan/emlak-konut-kiralik-uygar-gayrimenkul-den-yenimahalle-de-kiralik-sifir-loft-1-plus1-1289943615/detay,14.500 TL
https://www.sahibinden.com/ilan/emlak-konut-kiralik-tramvayin-altinda-genis-1-plus1-full-esyali-kiralik-daire-1283799741/detay,14.750 TL
https://www.sahibinden.com/ilan/emlak-konut-kiralik-camlicadan-alanlida-kiralik-1-plus1-daire-1256655597/detay,12.000 TL
https://www.sahibinden.com/ilan/emlak-konut-kiralik-camlicadan-1-plus1-ulasima-yakin-kiralik-daireler-1268550722/detay,12.000 TL
https://www.sahibinden.com/ilan/emlak-konut-kiralik-bulut-emlak-iyi-lokasyonda-kiralik-2-plus1-1205560441/detay,13.500 TL
https://www.sahibinden.com/ilan/emlak-konut-kiralik-atasoy-gyo-dan-muhtesem-konumda-2-plus1-kiralik-1271484070/detay,13.500 TL
https://www.sahibinden.com/ilan/emlak-konut-kiralik-kopru-grup-tan-kiralik-1-plus1-daire-1289923098/detay,14.000 TL
https://www.sahibinden.com/ilan/emlak-konut-kiralik-esyali-1-plus1-1261707204/detay,3.000 TL
https://www.sahibinden.com/ilan/emlak-konut-kiralik-citypol-den-genis-luks-2-plus1-kiralik-1269485649/detay,24.000 TL
https://www.sahibinden.com/ilan/emlak-konut-kiralik-site-icerisinde-kiralik-4-plus1-deniz-manzarli-havuzlu-daire-1283574552/detay,55.000 TL
https://www.sahibinden.com/ilan/emlak-konut-kiralik-rw-beta-dan-yenimahalle-anayola-cephe-esyali-kiralik-1-plus1-daire-1289929110/detay,15.500 TL
https://www.sahibinden.com/ilan/emlak-konut-kiralik-bulut-emlak-tan-tramvaya-200m-full-esyali-1-plus1-balkonlu-4.kat-1289536182/detay,18.000 TL
https://www.sahibinden.com/ilan/emlak-konut-kiralik-korfez-mahallesinde-full-sifir-esyali-sahile-yakin-konumda-1289556351/detay,15.000 TL
https://www.sahibinden.com/ilan/emlak-konut-kiralik-korfez-mah-denize-yakin-ulasimi-kolay-esyali-1-plus1-daire-1290081192/detay,15.250 TL
https://www.sahibinden.com/ilan/emlak-konut-kiralik-nisantasi-cad-de-deniz-manzarali-kiralik-luks-4-plus1-daire-1264638453/detay,36.500 TL
https://www.sahibinden.com/ilan/emlak-konut-kiralik-dogan-emlak-group-tan-atakum-beypinar-da-ultra-luks-kiralik-1289547679/detay,24.500 TL
https://www.sahibinden.com/ilan/emlak-konut-kiralik-yunus-celebi-den-deniz-manzarali-havuzlu-sitede-1-plus1-esyasiz-1149922812/detay,15.000 TL
https://www.sahibinden.com/ilan/emlak-konut-kiralik-atakum-korfezde-full-esyali-kiralik-1-plus1-ara-kat-rayliya-7-dk-1286748444/detay,15.000 TL
https://www.sahibinden.com/ilan/emlak-konut-kiralik-luxus-bilal-g-tramvaya-cephe-deniz-manzarali-1-plus1-kiralik-daire-1281472920/detay,11.000 TL
https://www.sahibinden.com/ilan/emlak-konut-kiralik-atakum-da-lebi-derya-deniz-manzarali-esyali-kiralik-1-plus1-daire-1277722835/detay,15.000 TL
https://www.sahibinden.com/ilan/emlak-konut-kiralik-atakum-korfez-defne-sitesi-sifir-esyali-2-plus1-kiralik-daire-1289906190/detay,21.000 TL
https://www.sahibinden.com/ilan/emlak-konut-kiralik-bulut-emlak-alanli-panorama-sitesi-nde-kiralik-4-plus1-daire-1289539794/detay,19.500 TL
https://www.sahibinden.com/ilan/emlak-konut-kiralik-nisantasi-caddesin-de-kiralik-1-plus1-daireler-1289538139/detay,15.000 TL
https://www.sahibinden.com/ilan/emlak-konut-kiralik-sahibinden-korfezde-universiteye-yakin-esyali-kiralik-1-plus1-daire-1275272014/detay,18.500 TL
https://www.sahibinden.com/ilan/emlak-konut-kiralik-korfezde-ulasima-yakin-1-plus1-esyasiz-kiralik-daire-1284276961/detay,11.500 TL
https://www.sahibinden.com/ilan/emlak-konut-kiralik-gokaypark-sitesinde-full-manzarali-3-plus1-murat-akgul-den-1289722645/detay,39.000 TL
https://www.sahibinden.com/ilan/emlak-konut-kiralik-esyali-guzel-konumda-tramvaya-universiteye-yakin-1285518496/detay,17.000 TL
https://www.sahibinden.com/ilan/emlak-konut-kiralik-balacta-2-plus1-kiralik-daire-1289533548/detay,18.000 TL
https://www.sahibinden.com/ilan/emlak-konut-kiralik-samsun-atakum-yeni-mah.kiralik-esyali-1-plus0-sutudyo-daire-1232468621/detay,12.500 TL
https://www.sahibinden.com/ilan/emlak-konut-kiralik-turkis-lozan-caddesinde-esyali-3-plus1-kiralik-daire-1270679156/detay,26.500 TL
https://www.sahibinden.com/ilan/emlak-konut-kiralik-can-emlaktan-full-deniz-manzarali-2-plus1-kiralik-daire-1283582886/detay,25.000 TL
https://www.sahibinden.com/ilan/emlak-konut-kiralik-atakum-guzelyali-da-ultra-lux-1-plus1-kiralik-daire-1270313903/detay,27.000 TL
https://www.sahibinden.com/ilan/emlak-konut-kiralik-yenimahalle-de-tramvaya-yakin-genis-1-plus1-remax-gokhan-1288602319/detay,13.000 TL
https://www.sahibinden.com/ilan/emlak-konut-kiralik-cem-emlaktan-3-plus1-kiralik-daire-1289524499/detay,15.000 TL
https://www.sahibinden.com/ilan/emlak-konut-kiralik-ub-group-tan-istiklal-mahallesinde-kiralik-1-plus1-daire-1276790475/detay,11.500 TL
https://www.sahibinden.com/ilan/emlak-konut-kiralik-cem-emlaktan-1-plus1-kiralik-esyali-daire-1289517379/detay,13.000 TL
https://www.sahibinden.com/ilan/emlak-konut-kiralik-selin-gayrimenkulden-korfezde-esyali-kiralik-daire-1202255960/detay,16.000 TL
https://www.sahibinden.com/ilan/emlak-konut-kiralik-brn-global-anayola-100-mt-mesafede-kiralik-1-plus0-daireler-1234833113/detay,12.000 TL
https://www.sahibinden.com/ilan/emlak-konut-kiralik-samyap-tan-atakent-sahilde-kiralik-luks-3-plus1-daire-1277347736/detay,29.950 TL
https://www.sahibinden.com/ilan/emlak-konut-kiralik-korfez-mah-full-esyali-gizli-mutfakli-arakat-kiralik-1-plus1-daire-1289882413/detay,15.000 TL
https://www.sahibinden.com/ilan/emlak-konut-kiralik-remax-soner-den-atakum-denizevleri-denize-sifir-esyali-kiralik-1288209549/detay,27.000 TL
https://www.sahibinden.com/ilan/emlak-konut-kiralik-korfez-sahil-de-deniz-manzarali-kiralik-2-plus1-daire-1277409965/detay,33.000 TL
https://www.sahibinden.com/ilan/emlak-konut-kiralik-metropol-gayrimenkul-den-kiralik-retro-konseptli-studyo-daire-1289510792/detay,18.500 TL
https://www.sahibinden.com/ilan/emlak-konut-kiralik-bulut-emlaktan-toplu-konut-bul-1-plus1-kiralik-daire-1290613246/detay,11.500 TL
https://www.sahibinden.com/ilan/emlak-konut-kiralik-samyap-tan-deniz-manzarali-kiralik-esyali-1-plus1-daire-1245747810/detay,15.000 TL
https://www.sahibinden.com/ilan/emlak-konut-kiralik-ozden-cayiroglu-ndan-kiralik-3-plus1-sifir-daire-1276879738/detay,15.000 TL
https://www.sahibinden.com/ilan/emlak-konut-kiralik-samyap-tan-polis-okulu-yaninda-sahile-yakin-genis-1-plus1-daire-1271748601/detay,15.000 TL
https://www.sahibinden.com/ilan/emlak-konut-kiralik-gunaydindan-atakumun-en-prestijli-bolgelerinden-guzelyali-da-2-plus1-1252816965/detay,30.000 TL
https://www.sahibinden.com/ilan/emlak-konut-kiralik-bbsbroker-dan-korfez-mh-tramvay-duragina-yakin-esyali-luks-1-plus1-1283743607/detay,16.000 TL
https://www.sahibinden.com/ilan/emlak-konut-kiralik-bulut-emlak-atakum-da-genis-konsept-bina-icerisinde-1-plus1-daire-1283978539/detay,20.000 TL
https://www.sahibinden.com/ilan/emlak-konut-kiralik-saglam-gayrimenkulden-anayola-sahile-yakin-kiralik-2-plus1-1283740934/detay,16.000 TL
https://www.sahibinden.com/ilan/emlak-konut-kiralik-faktor-den-korfez-de-deniz-manzarali-esyali-kiralik-1-plus1-daire-1284199402/detay,14.500 TL
https://www.sahibinden.com/ilan/emlak-konut-kiralik-kiralik-1-plus1-esyali-daire-deniz-manzarali-1283819748/detay,15.500 TL
https://www.sahibinden.com/ilan/emlak-konut-kiralik-daire-31-acik-otopark-yok-son-3-gun-merkeze-5-sb2f-uzaklikta-merkezi-konum-846720257/detay,16.000 TL
https://www.sahibinden.com/ilan/emlak-konut-kiralik-atakum-balacta-1-plus1-60-mt-cam-balkonlu-1287588000/detay,13.000 TL
https://www.sahibinden.com/ilan/emlak-konut-kiralik-sahibinden-cagaloglu-cad-ve-tramvaya-yurume-mesafesi-2-plus1-daire-1289470980/detay,20.000 TL
https://www.sahibinden.com/ilan/emlak-konut-kiralik-deka-gayrimenkul-den-mevlana-mah-deniz-manzarali-kiralik-3-plus1-1277625443/detay,36.000 TL
https://www.sahibinden.com/ilan/emlak-konut-kiralik-balacta-sifir-2-plus1-sahibinden-oturum-hazir-1289479021/detay,17.500 TL
https://www.sahibinden.com/ilan/emlak-konut-kiralik-1-plus1-atakent-lux-yapim-kat-ve-cephe-secenekleri-mevcuttur-1274310327/detay,12.000 TL
https://www.sahibinden.com/ilan/emlak-konut-kiralik-pelitkoy-toki-esyali-kiralik-abonelikleri-acik-daire-1271336730/detay,13.000 TL
https://www.sahibinden.com/ilan/emlak-konut-kiralik-truva-nazim-demirci-den-korupark-evleri-kiralik-1-plus1-daire-1289663111/detay,15.000 TL
https://www.sahibinden.com/ilan/emlak-konut-kiralik-yatirim-plus-tan-cagaloglunda-turise-yakin-site-icinde-3-plus1-1261022485/detay,26.000 TL
https://www.sahibinden.com/ilan/emlak-konut-kiralik-samyap-tan-atakum-da-deniz-manzarali-esyasiz-kiralik-daire-1271752591/detay,11.000 TL
https://www.sahibinden.com/ilan/emlak-konut-kiralik-kuvvet-ten-atakum-un-en-buyuk-1-plus1-dairesini-kiraya-veriyorum-1290015387/detay,14.000 TL
https://www.sahibinden.com/ilan/emlak-konut-kiralik-akman-azerbaycan-cad.cephe-tramvaya-1-sokak-kiralik-2-plus1-daire-1289660510/detay,15.000 TL
https://www.sahibinden.com/ilan/emlak-konut-kiralik-samyap-adem-kurnaz-dan-esenevler-mah-anayola-100m-esyali-kiralik-1289460104/detay,23.000 TL
https://www.sahibinden.com/ilan/emlak-konut-kiralik-yatirim-plus-tan-atakum-incesuda-kiralik-tripleks-villa-1186239509/detay,65.000 TL
https://www.sahibinden.com/ilan/emlak-konut-kiralik-sifir-esya-sifir-daire-manzarali-luks-1-plus1-1280950919/detay,17.000 TL
https://www.sahibinden.com/ilan/emlak-konut-kiralik-toplu-konut-bulvarina-cephe-1-plus1-luks-esyali-genis-3.kat-daire-1265331722/detay,14.250 TL
https://www.sahibinden.com/ilan/emlak-konut-kiralik-sifir-esya-sifir-daire-manzarali-luks-1-plus1-1280950919/detay,17.000 TL
https://www.sahibinden.com/ilan/emlak-konut-kiralik-toplu-konut-bulvarina-cephe-1-plus1-luks-esyali-genis-3.kat-daire-1265331722/detay,14.250 TL
https://www.sahibinden.com/ilan/emlak-konut-kiralik-bulut-emlak-atakum-un-merkezinde-arakat-kiralik-3-plus1-daire-1289469654/detay,25.500 TL
https://www.sahibinden.com/ilan/emlak-konut-kiralik-tramvaya-50-metre-site-icersinde-luks-2-plus1-daire-1271652873/detay,23.000 TL
https://www.sahibinden.com/ilan/emlak-konut-kiralik-dora-dan-korfezde-kiralik-1-plus1-daire-1289840051/detay,11.000 TL
https://www.sahibinden.com/ilan/emlak-konut-kiralik-korfez-tramvay-a-bir-sokak-esyali-2-plus1-1278091188/detay,18.250 TL
https://www.sahibinden.com/ilan/emlak-konut-kiralik-abdullah-gul-bulvari-uzerinde-harika-deniz-manzarali-kiralik-3-plus1-1283138425/detay,33.000 TL
https://www.sahibinden.com/ilan/emlak-konut-kiralik-atakum-beypinar-yeni-yasam-merkezi-1289466617/detay,16.500 TL
https://www.sahibinden.com/ilan/emlak-konut-kiralik-medical-park-hastanesine-sahile-tramway-duragina-yurume-mesafesi-1216321562/detay,25.000 TL
https://www.sahibinden.com/ilan/emlak-konut-kiralik-deneyim-den-pelitkoy-toki-konutlarinda-3-plus1-esyali-kiralik-daire-1289458730/detay,18.000 TL
https://www.sahibinden.com/ilan/emlak-konut-kiralik-liv-gayrimenkul-den-kiralik-60m2-1-plus1-deniz-manzarali-1289462503/detay,15.000 TL
https://www.sahibinden.com/ilan/emlak-konut-kiralik-yenimahalle-de-deniz-manzarali-esyali-1-plus1-kiralik-daire-1283897681/detay,15.000 TL
https://www.sahibinden.com/ilan/emlak-konut-kiralik-atakum-merkezi-konum-1280903444/detay,27.500 TL
https://www.sahibinden.com/ilan/emlak-konut-kiralik-cagaloglu-migros-karsisi-kiralik-3-plus1-giris-kat-daire-1289452892/detay,17.500 TL
https://www.sahibinden.com/ilan/emlak-konut-kiralik-var-acil-cok-sb2f-kiralik-31-acik-otopark-merkezi-konum-846858316/detay,15.000 TL
https://www.sahibinden.com/ilan/emlak-konut-kiralik-kopru-grup-tan-atakentte-kiralik-1-plus1-1283548183/detay,14.500 TL
https://www.sahibinden.com/ilan/emlak-konut-kiralik-korfezde-bulvara-cephe-deniz-manzarali-esyali-kiralik-1-plus1-1260306289/detay,15.000 TL
https://www.sahibinden.com/ilan/emlak-konut-kiralik-bersu-dan-medicalpark-a-komsu-kiralik-3-plus1-daire-1289400918/detay,30.000 TL
https://www.sahibinden.com/ilan/emlak-konut-kiralik-bulut-emlak-tan-kiralik-3-plus1-ici-sifir-yapili-daire-1289436777/detay,19.000 TL
https://www.sahibinden.com/ilan/emlak-konut-kiralik-bulut-emlaktan-genis-ferah-ulasimi-kolay-kiralik-3-plus1-1289432934/detay,18.000 TL
https://www.sahibinden.com/ilan/emlak-konut-kiralik-sahibinden-incesu-sahilde-kiralik-1-plus1-daire-1289423184/detay,12.000 TL
https://www.sahibinden.com/ilan/emlak-konut-kiralik-kiralik-4-plus1-ataturk-bulv-nda-sahil-taraf-atakum-samsun-1289411400/detay,35.000 TL
https://www.sahibinden.com/ilan/emlak-konut-kiralik-samyap-tan-atakum-yenimahallede-2-plus1-esyali-kiralik-daire-1199078560/detay,16.500 TL
https://www.sahibinden.com/ilan/emlak-konut-kiralik-aziz-isik-bulvarina-cephe-sifir-esyali-sifir-1-plus1-daire-1265168096/detay,15.000 TL
https://www.sahibinden.com/ilan/emlak-konut-kiralik-atakum-korfez-de-tranvaya-cepe-sifir-kiralik-3-plus1-daire-1270318950/detay,40.000 TL
https://www.sahibinden.com/ilan/emlak-konut-kiralik-master-brokers-kiralik-esyali-2-plus1-1266635068/detay,30.000 TL
https://www.sahibinden.com/ilan/emlak-konut-kiralik-ugur-varol-dan-alacam-caddesine-cephe-3-plus1-kiralik-daire-1289401407/detay,22.500 TL
"https://www.sahibinden.com/ilan/emlak-konut-kiralik-ekip-emlak-salon-mutfak-ayri,merkezi-sistem-esyali,kiralik-1-plus1-1289582902/detay",15.000 TL
https://www.sahibinden.com/ilan/emlak-konut-kiralik-kiralik-samsun-atakum-korfez-de-deniz-manzarali-1-plus1-1271968873/detay,11.000 TL
https://www.sahibinden.com/ilan/emlak-konut-kiralik-tramvaya-cok-yakin-esyali-kiralik-1-plus1-1280669243/detay,15.000 TL
https://www.sahibinden.com/ilan/emlak-konut-kiralik-dere-gayrimenkul-dilek-ten-kiralik-dubleks-1-plus1-daire-1281516562/detay,12.500 TL
https://www.sahibinden.com/ilan/emlak-konut-kiralik-serba-gayrimenkulden-atakentte-kiralik-3-plus1-daire-1166685845/detay,35.000 TL
https://www.sahibinden.com/ilan/emlak-konut-kiralik-truva-onur-gunduzcu-den-korfezde-tramvaya-yakin-esyali-1-plus1-1289948240/detay,15.500 TL
https://www.sahibinden.com/ilan/emlak-konut-kiralik-omurevler-de-tramvaya-yurume-mesafesinde-kiralik-3-plus1-daire-1289388582/detay,20.500 TL
https://www.sahibinden.com/ilan/emlak-konut-kiralik-guzelyali-sahilde-denize-leb-i-derya-4-plus1-kiralik-daire-1277403107/detay,31.000 TL
https://www.sahibinden.com/ilan/emlak-konut-kiralik-yok-31-son-3-gun-daire-emsalsiz-sb2f-cok-uygun-846864583/detay,15.000 TL
https://www.sahibinden.com/ilan/emlak-konut-kiralik-atakum-omurevleri-tramavaya-cephe-kiralik-3-plus1-genis-daire-1289388735/detay,25.000 TL
https://www.sahibinden.com/ilan/emlak-konut-kiralik-remax-parla-kiralik-ataturk-bulvarinda-3-plus1-daire-1252599234/detay,25.000 TL
https://www.sahibinden.com/ilan/emlak-konut-kiralik-yenimahalle-de-tramvay-a-100-m-mesafede-sahibinden-3-plus1-daire-1283500807/detay,20.500 TL
https://www.sahibinden.com/ilan/emlak-konut-kiralik-samet-ten-incesu-kiralik-esyali-1-plus1-daire-1283155013/detay,13.000 TL
https://www.sahibinden.com/ilan/emlak-konut-kiralik-promade-emlak-tan-site-icerisinde-esyali-kiralik-1-plus1-1273069248/detay,16.500 TL
https://www.sahibinden.com/ilan/emlak-konut-kiralik-mevlana-da-kiralik-3-plus1-merkezi-konumda-daire-1283554797/detay,17.500 TL
https://www.sahibinden.com/ilan/emlak-konut-kiralik-atakent-mahallesi-merkezi-konumda-1-plus1-esyali-kiralik-daire-1289372621/detay,20.000 TL
https://www.sahibinden.com/ilan/emlak-konut-kiralik-yatirim-emlak-dan-atakum-yeni-mahallede-ful-esyali-kiralik-1-plus1-1289368206/detay,17.000 TL
https://www.sahibinden.com/ilan/emlak-konut-kiralik-atakumda-kiralik-deniz-manz-ve-cambalkonlu-sifir-2-plus1-daire-1265605355/detay,23.000 TL
https://www.sahibinden.com/ilan/emlak-konut-kiralik-korfezde-sifir-esyali-1-plus1-kiralik-daire-1286558023/detay,14.000 TL
https://www.sahibinden.com/ilan/emlak-konut-kiralik-kara-yapi_pelitkoy-tramvaya-yakin-yerden-isitmali-1-plus1-daire-1277181677/detay,9.950 TL
https://www.sahibinden.com/ilan/emlak-konut-kiralik-broker-point-ten-koru-park-altinda-kiralik-1-plus1-daire-1229020553/detay,10.000 TL
https://www.sahibinden.com/ilan/emlak-konut-kiralik-korfezde-aziz-isik-bulvarinda-deniz-manzarali-kiralik-2-plus1-daire-1289238506/detay,20.000 TL
https://www.sahibinden.com/ilan/emlak-konut-kiralik-korfezde-1-plus1-esyali-daire-1219746971/detay,13.000 TL
https://www.sahibinden.com/ilan/emlak-konut-kiralik-revizyon-burak-tan-alanli-da-deniz-manzarali-2-plus1-kiralik-daire-1289350685/detay,20.000 TL
https://www.sahibinden.com/ilan/emlak-konut-kiralik-vip-gayrimenkul-atakum-aziz-isik-bulvari-1-plus1-esyali-1289349449/detay,15.500 TL
https://www.sahibinden.com/ilan/emlak-konut-kiralik-hisar-dan-marinaya-yakin-deniz-manzarali-daire-1289541584/detay,17.000 TL
https://www.sahibinden.com/ilan/emlak-konut-kiralik-ns-gayrimenkul-den-sifir-esyali-kiralik-1-plus1-daire-1289538053/detay,16.000 TL
https://www.sahibinden.com/ilan/emlak-konut-kiralik-fmc-semih-ten-balac-ta-sifir-2-plus1-kiralik-daire-1274467138/detay,17.750 TL
https://www.sahibinden.com/ilan/emlak-konut-kiralik-kiralik-1-plus1-full-deniz-manzarali-sifir-daire-1282373348/detay,13.000 TL
https://www.sahibinden.com/ilan/emlak-konut-kiralik-segup-tan-kofez-de-full-esyali-kiralik-1-plus1-3-1277436262/detay,14.000 TL
https://www.sahibinden.com/ilan/emlak-konut-kiralik-atakum-korfezde-tramvay-altinda-kiralik-1-1-1284249771/detay,13.200 TL
https://www.sahibinden.com/ilan/emlak-konut-kiralik-alan-emlaktan-istiklal-mah.kiralik-3-plus1-daire-1267384407/detay,16.000 TL
https://www.sahibinden.com/ilan/emlak-konut-kiralik-mutfak-salon-ayri-cam-balkonlu-2-plus1-deniz-manzarali-luks-daire-1289525105/detay,20.000 TL
https://www.sahibinden.com/ilan/emlak-konut-kiralik-atakum-korfez-de-deniz-manzarali-luks-konut-ofis-daire-1284267638/detay,35.000 TL
https://www.sahibinden.com/ilan/emlak-konut-kiralik-hedeten-kurupelit-tramvay-duragina-yakin-full-esyali-1-plus1-daire-1289890336/detay,13.000 TL
https://www.sahibinden.com/ilan/emlak-konut-kiralik-hedeten-kurupelit-tramvay-duragina-yakin-full-esyali-1-plus1-daire-1289890336/detay,13.000 TL
https://www.sahibinden.com/ilan/emlak-konut-kiralik-esyali-gokdelenler-bolge-2-plus1-1267326912/detay,26.000 TL
https://www.sahibinden.com/ilan/emlak-konut-kiralik-atakumda-tramvayin-altinda-yillik-odemede-3-ay-hediye-1266348184/detay,21.500 TL
https://www.sahibinden.com/ilan/emlak-konut-kiralik-sahibinden-kiralik-1289323604/detay,9.000 TL
https://www.sahibinden.com/ilan/emlak-konut-kiralik-var-merkeze-5-dk-uzaklikta-yuksek-giris-sb2f-fiyata-yok-sahibinden-daire-21-846892077/detay,20.000 TL
https://www.sahibinden.com/ilan/emlak-konut-kiralik-plus1-yatirimdan-esyali-kiralik-enfes-deniz-manzarali-2-plus1-daire-1280257145/detay,32.000 TL
https://www.sahibinden.com/ilan/emlak-konut-kiralik-samsun-atakum-korfez-mahallesi-kiralik-1-plus1-daire-1277492077/detay,15.750 TL
https://www.sahibinden.com/ilan/emlak-konut-kiralik-sahile-sifir-guzel-konumda-2-plus1-1289321619/detay,26.000 TL
https://www.sahibinden.com/ilan/emlak-konut-kiralik-plato-yapidan-atakum-incesuda-esyali-kiralik-1-plus1-1276354771/detay,12.500 TL
https://www.sahibinden.com/ilan/emlak-konut-kiralik-medikal-park-yakini-atakum-lozan-cad-lozan-parki-yani-mobilyali-1289513823/detay,20.000 TL
https://www.sahibinden.com/ilan/emlak-konut-kiralik-atakumda-ulasima-yakin-sifir-esyali-kiralik-1280895331/detay,14.000 TL
https://www.sahibinden.com/ilan/emlak-konut-kiralik-nisantasi-caddesinde-mutfak-ayri-lux-2-plus1-cam-balkonlu-kiralik-1277652307/detay,20.000 TL
https://www.sahibinden.com/ilan/emlak-konut-kiralik-atakum-cagaloglu-cad.cephe-havuzlu-lux-sitede-kiralik-3-plus1-daire-1271181954/detay,36.000 TL
https://www.sahibinden.com/ilan/emlak-konut-kiralik-havuzlu-site-icerisinde-bahceli-65-m2-kiralik-daire-1283385769/detay,15.000 TL
https://www.sahibinden.com/ilan/emlak-konut-kiralik-kiralik-sifir-lux-daire-1110773919/detay,19.000 TL
https://www.sahibinden.com/ilan/emlak-konut-kiralik-atakent-de-tramvaya-yakin-kiralik-3-plus1-daire-1283474233/detay,27.500 TL
https://www.sahibinden.com/ilan/emlak-konut-kiralik-travmaya-yurume-mesafesinde-2-plus1-loft-kiralik-daire-1275810058/detay,15.500 TL
https://www.sahibinden.com/ilan/emlak-konut-kiralik-tramvay-a-yakin-ara-kat-1-plus1-luxus-gayrimenkul-1282240174/detay,11.000 TL
https://www.sahibinden.com/ilan/emlak-konut-kiralik-korfezde-tramvaya-5-dk-lux-sifir-esyali-daire-1289861270/detay,17.000 TL
https://www.sahibinden.com/ilan/emlak-konut-kiralik-korfezde-sifir-luks-bina-yerden-isitmali-kiralik-2-plus1-1279244538/detay,15.000 TL
https://www.sahibinden.com/ilan/emlak-konut-kiralik-sifir-esyali-sifir-daire-1275621097/detay,13.900 TL
https://www.sahibinden.com/ilan/emlak-konut-kiralik-truva-isa-kilic-tan-rte-bulvarinda-kiralik-2-plus1-1289668610/detay,16.000 TL
https://www.sahibinden.com/ilan/emlak-konut-kiralik-atakent-tramvay-duragina-cephe-esyali-kiralik-1-plus1daire-1289289755/detay,15.500 TL
https://www.sahibinden.com/ilan/emlak-konut-kiralik-revizyon-dan-merkezi-konumda-kiralik-daire-1276887854/detay,11.000 TL
https://www.sahibinden.com/ilan/emlak-konut-kiralik-atakum-alanli-full-deniz-manzarali-sahane-konum-1-plus1-1282847295/detay,16.750 TL
https://www.sahibinden.com/ilan/emlak-konut-kiralik-truva-nazim-demirci-den-atakum-yenimahalle-kiralik-2-plus1-daire-1289850409/detay,16.000 TL
https://www.sahibinden.com/ilan/emlak-konut-kiralik-salih-turktemel-den-deniz-manzrali-1-plus1-esyali-yeni-kiralik-daire-1277012814/detay,16.500 TL
https://www.sahibinden.com/ilan/emlak-konut-kiralik-19-mayis-bulvarinda-sifir-esyali-kiralik-lux-1-plus1-1271120459/detay,15.000 TL
https://www.sahibinden.com/ilan/emlak-konut-kiralik-sahibinden...mukemmel-konum-3-plus1-daire-1289283609/detay,25.750 TL
https://www.sahibinden.com/ilan/emlak-konut-kiralik-yenimahalle-ve-kurupelit-tramvay-duragina-yakin-kiralik-4-plus1-1289278336/detay,30.000 TL
https://www.sahibinden.com/ilan/emlak-konut-kiralik-atakum-korfez-tramvaya-cephe-sahile-100-metre-kiralik-1-plus1-daire-1282860725/detay,15.000 TL
https://www.sahibinden.com/ilan/emlak-konut-kiralik-samyap-tan-tramvaya-cephe-binada-kiralik-esyali-1-plus1-daire-1283443106/detay,13.500 TL
https://www.sahibinden.com/ilan/emlak-konut-kiralik-1-plus1-sifir-kiralik-daire-1289274117/detay,14.000 TL
https://www.sahibinden.com/ilan/emlak-konut-kiralik-denizi-evinize-tasiyan-full-manzarali-kiralik-2-plus1-daire-1282424578/detay,17.000 TL
https://www.sahibinden.com/ilan/emlak-konut-kiralik-panoramik-deniz-manzarali-yerden-isitmali-luks-2-plus1-kiralik-daire-1283440589/detay,19.000 TL
https://www.sahibinden.com/ilan/emlak-konut-kiralik-ekip-emlak-korfezde-deniz-manzarali-60m2-net-buyuk-sifir-1-plus1-1262949572/detay,13.500 TL
https://www.sahibinden.com/ilan/emlak-konut-kiralik-samyap-tan-tramvay-altinda-3-plus1-acik-aboneli-ful-esyali-daire-1289470463/detay,18.000 TL
https://www.sahibinden.com/ilan/emlak-konut-kiralik-atakum-korfez-tramvaya-2-sokak-esyali-1-plus1-kiralik-daire-1283663501/detay,14.750 TL
https://www.sahibinden.com/ilan/emlak-konut-kiralik-bulut-emlaktan-pamuklu-blv-da-tramvaya-yakin-1-plus1-kiralik-daire-1283512833/detay,13.000 TL
https://www.sahibinden.com/ilan/emlak-konut-kiralik-ub-group-tan-rte-bulvarina-cephe-deniz-manzarali-kiralik-1-plus1-1286445872/detay,19.500 TL
https://www.sahibinden.com/ilan/emlak-konut-kiralik-atakum-korfez-mahallesi-1-plus1-kiralik-daire-1289448923/detay,11.500 TL
https://www.sahibinden.com/ilan/emlak-konut-kiralik-rookz-ozcan-arslan-dan-merkezi-konum-kiralik-3-plus1-daire-1289446748/detay,26.000 TL
https://www.sahibinden.com/ilan/emlak-konut-kiralik-yenimahallede-fetih-sitesinde-kiralik-3-plus1-daire-1289623022/detay,18.000 TL
https://www.sahibinden.com/ilan/emlak-konut-kiralik-atakumda-esyali-ulasima-yakin-1-plus1-daire-1289250008/detay,15.000 TL
https://www.sahibinden.com/ilan/emlak-konut-kiralik-citypol-den-sahilde-fatura-bedelleri-dahil-75-m2-1-plus1-1289438941/detay,16.000 TL
https://www.sahibinden.com/ilan/emlak-konut-kiralik-northmark-tan-korfez-de-kiralik-esyasiz-1-plus1-daire-1280397045/detay,11.000 TL
"https://www.sahibinden.com/ilan/emlak-konut-kiralik-revizyon-full-deniz-manzarali,luks-esya,pelitkoy-tramvaya-2.bina-1267154078/detay",21.000 TL
https://www.sahibinden.com/ilan/emlak-konut-kiralik-bilge-emlak-tan-tramvaya-yakin-1-plus1-esyali-kiralik-daire-1289232748/detay,13.250 TL
https://www.sahibinden.com/ilan/emlak-konut-kiralik-doga-manzarali-kacirilmayacak-firsat-11-daire-sb2f-otopark-hastalik-sebebiyle-var-846860338/detay,12.500 TL
https://www.sahibinden.com/ilan/emlak-konut-kiralik-nha-insaat-emlaktan-sifir-1-plus1-tramvaya-cok-yakin-1289213911/detay,10.000 TL
https://www.sahibinden.com/ilan/emlak-konut-kiralik-garanti-den-atakum-korfez-de-esyali-kiralik-daire-1289406208/detay,16.000 TL
https://www.sahibinden.com/ilan/emlak-konut-kiralik-remax-kuzeyden-atakum-turkis-de-esyali-kiralik-2-plus1-daire-1282562309/detay,21.000 TL
https://www.sahibinden.com/ilan/emlak-konut-kiralik-kurupelit-tramway-duragi-yaninda-esyali-1-plus1-1181395520/detay,20.000 TL
https://www.sahibinden.com/ilan/emlak-konut-kiralik-ronesans-emlak-tan-kiralik-daire-1289201209/detay,30.500 TL
https://www.sahibinden.com/ilan/emlak-konut-kiralik-sevcan-gurlevik-ten-merkezi-konumda-1-plus-1-kiralik-daire-1289194723/detay,12.500 TL
https://www.sahibinden.com/ilan/emlak-konut-kiralik-bulut-emlaktan-atakum-sahilde-sifir-luks-1-plus1-kiralik-daire-1289192727/detay,21.000 TL
https://www.sahibinden.com/ilan/emlak-konut-kiralik-bulut-emlaktan-atakum-devlet-hastanesi-yani-1-plus1-kiralik-daire-1289185985/detay,13.000 TL
https://www.sahibinden.com/ilan/emlak-konut-kiralik-garanti-gayrimenkul-den-yenimahalle-de-kiralik-esyali-1-plus1-daire-1289186170/detay,20.000 TL
https://www.sahibinden.com/ilan/emlak-konut-kiralik-lebi-derya-manzarali-esyali-2-plus1-1178265066/detay,20.000 TL
https://www.sahibinden.com/ilan/emlak-konut-kiralik-kauf-umit-ten-anayol-alti-full-deniz-manzarali-dubleks-daire-1283556867/detay,70.000 TL
https://www.sahibinden.com/ilan/emlak-konut-kiralik-serba-gayrimenkulden-tranvay-alti-kiralik-1-plus1-daire-1076078201/detay,15.000 TL
https://www.sahibinden.com/ilan/emlak-konut-kiralik-bulut-emlaktan-bulvara-cephe-esyali-kiralik-1-plus1-daire-1278859427/detay,13.250 TL
https://www.sahibinden.com/ilan/emlak-konut-kiralik-bulut-emlaktan-bulvara-cephe-esyali-kiralik-1-plus1-daire-1278859427/detay,13.250 TL
https://www.sahibinden.com/ilan/emlak-konut-kiralik-yali-gayrimenkul-sahil-ve-anayol-cepheli-havuzlu-sitede-dublex-1283341929/detay,55.000 TL
https://www.sahibinden.com/ilan/emlak-konut-kiralik-faktor-den-full-deniz-manzarali-sifir-bulvara-cephe-3-plus1-daire-1289185984/detay,30.000 TL
https://www.sahibinden.com/ilan/emlak-konut-kiralik-karan__atakent-cagal-cad-bir-sokak-kiralik-esyali-3-plus1-daire-1289187671/detay,35.500 TL
https://www.sahibinden.com/ilan/emlak-konut-kiralik-samet-ten-mimarsinan-mah-kiralik-lux-3-plus1-1276514489/detay,28.000 TL
https://www.sahibinden.com/ilan/emlak-konut-kiralik-acil-kiralik-ulasima-ve-sahile-yakin-firsat-daire-1289571435/detay,9.000 TL
https://www.sahibinden.com/ilan/emlak-konut-kiralik-korfez-mahallesi-1-plus1-kiralik-daire-1289571874/detay,8.500 TL
https://www.sahibinden.com/ilan/emlak-konut-kiralik-guzel-yalida-denize-100-metre-3-plus1-kiralik-daire-1289181337/detay,22.500 TL
https://www.sahibinden.com/ilan/emlak-konut-kiralik-korfez-de-tramvaya-350mt-sifir-ayarinda-temiz-1-plus1-esyali-daire-1277515274/detay,15.000 TL
https://www.sahibinden.com/ilan/emlak-konut-kiralik-rw-beta-dan-19-mayis-bulvarina-komsu-full-esyali-3-plus1-luks-daire-1282927062/detay,45.000 TL
https://www.sahibinden.com/ilan/emlak-konut-kiralik-balac-ta-sifir-esyali-kiralik-1-plus1-daire-1289176555/detay,16.500 TL
https://www.sahibinden.com/ilan/emlak-konut-kiralik-ataturk-bulvarina-cephe-kiralik-4-plus1-1280147644/detay,25.000 TL
https://www.sahibinden.com/ilan/emlak-konut-kiralik-dere-gayrimenkul-den-tramwaya-yakin-50m2-esyasiz-kiralik-1-1-1288992689/detay,13.000 TL
https://www.sahibinden.com/ilan/emlak-konut-kiralik-remax-modern-kiralik-3-plus1-1270572773/detay,22.500 TL
https://www.sahibinden.com/ilan/emlak-konut-kiralik-atakum-mimarsinan-da-kiralik-daire-1289175746/detay,16.000 TL
https://www.sahibinden.com/ilan/emlak-konut-kiralik-bulut-emlaktan-cagaloglunda-kiralik-2-plus1-1270938913/detay,22.500 TL
https://www.sahibinden.com/ilan/emlak-konut-kiralik-cok-uygun-kiralik-merkezi-sb2f-32-yok-acil-acik-otopark-846809682/detay,20.000 TL
https://www.sahibinden.com/ilan/emlak-konut-kiralik-sahibinden-tramvaya-yakin-esyali-kiralik-daire-1289175020/detay,17.000 TL
https://www.sahibinden.com/ilan/emlak-konut-kiralik-remax-murat-tan-incesu-deniz-manzarali-full-esyali-1-plus1-kiralik-1289171358/detay,16.500 TL
https://www.sahibinden.com/ilan/emlak-konut-kiralik-yenimahallede-deniz-manzarali-kiralik-esyali-1-plus1-daire-1289364244/detay,19.000 TL
https://www.sahibinden.com/ilan/emlak-konut-kiralik-denize-yakin-esyali-ulasima-cok-yakin-2-plus1-kiralik-daire-1254906624/detay,20.000 TL
https://www.sahibinden.com/ilan/emlak-konut-kiralik-yenimahalle-de-cagalogluna-150-metre-kiralik-lux-2-plus1-daire-1289362668/detay,20.000 TL
https://www.sahibinden.com/ilan/emlak-konut-kiralik-incesu-da-deniz-ve-orman-la-ic-ice-yola-cephe-kiralik-1-plus1-daire-1282810380/detay,14.250 TL
https://www.sahibinden.com/ilan/emlak-konut-kiralik-pelitkoyde-ulasima-yakin-1-plus1-genis-luks-kiralik-daire-1271224503/detay,12.000 TL
https://www.sahibinden.com/ilan/emlak-konut-kiralik-remax-modern-ali-ekber-akyol-dan-kiralik-1-plus1-daire-1262297919/detay,15.000 TL
https://www.sahibinden.com/ilan/emlak-konut-kiralik-korfez-de-ana-yola-iki-bina-kiralik-lux-1-plus1-daire-1289359695/detay,15.000 TL
https://www.sahibinden.com/ilan/emlak-konut-kiralik-full-esyali-sahile-tramvaya-yurume-mesafesinde-1289098832/detay,2.750 TL
https://www.sahibinden.com/ilan/emlak-konut-kiralik-atakum-korfez-de-sifir-binada-kiralik-1-plus1-1288440139/detay,13.000 TL
https://www.sahibinden.com/ilan/emlak-konut-kiralik-kiralik-yeni-atakum-devlet-hastanesi-karsisi-esyali-1-plus1-1289160026/detay,13.500 TL
https://www.sahibinden.com/ilan/emlak-konut-kiralik-omurevleri-anayola-tramvaya-cok-yakin-genis-ferah-3-plus1-kiralik-1283522010/detay,24.000 TL
https://www.sahibinden.com/ilan/emlak-konut-kiralik-remaks-sevcan-gurlevik-ten-blue-sky-da-4-plus1-kiralik-daire-1267482483/detay,55.000 TL
https://www.sahibinden.com/ilan/emlak-konut-kiralik-truva-dan-tramvaya-cephe-arakat-esyali-genis-cam-balkonlu-1-plus1-1289900747/detay,16.500 TL
https://www.sahibinden.com/ilan/emlak-konut-kiralik-remax-nevin-den-site-icinde-kiralik-villa-1201801063/detay,67.500 TL
https://www.sahibinden.com/ilan/emlak-konut-kiralik-karan__panorama-sitesinde-kiralik-havuz-dibinde-2-plus1-daire-1289154559/detay,17.000 TL
https://www.sahibinden.com/ilan/emlak-konut-kiralik-korfez-de-opetin-yani-full-esyali-cokguzel-konum-kisa-uzun-donem-1289147574/detay,19.500 TL
https://www.sahibinden.com/ilan/emlak-konut-kiralik-durak-emlaktan-atakum-mevlana-da-sifir-esyali-kiralik-1-plus1-daire-1289904708/detay,20.000 TL
https://www.sahibinden.com/ilan/emlak-konut-kiralik-pamuklu-bulvarinda-esyali-kiralik-daire-1283502934/detay,15.000 TL
https://www.sahibinden.com/ilan/emlak-konut-kiralik-tramvaya-200m-full-esyali-genis-balkonlu-1-plus1-kiralik-firsat-1289148433/detay,15.500 TL
https://www.sahibinden.com/ilan/emlak-konut-kiralik-atakum-korfezde-ful-esyali-kiralik-1-1-1284252224/detay,13.650 TL
https://www.sahibinden.com/ilan/emlak-konut-kiralik-kopru-grup-tan-kiralik-korfez-de-hollu-1-plus1-genis-daire-1259030254/detay,10.000 TL
https://www.sahibinden.com/ilan/emlak-konut-kiralik-mimarsinan-tramvay-duraginda-kiralik-3-plus1-daire-1283327941/detay,25.750 TL
https://www.sahibinden.com/ilan/emlak-konut-kiralik-mimarsinan-tramvay-duraginda-kiralik-3-plus1-daire-1283327941/detay,25.750 TL
https://www.sahibinden.com/ilan/emlak-konut-kiralik-northmark-tan-denizevleri-nde-kiralik-2-plus1-dubleks-daire-1280155146/detay,19.000 TL
https://www.sahibinden.com/ilan/emlak-konut-kiralik-b.p-den-korfezde-ulasim-dibinde-kiralik-2-plus1-daire-1271442815/detay,18.000 TL
https://www.sahibinden.com/ilan/emlak-konut-kiralik-uygar-gayrimenkul-den-tramvay-altinda-en-genis-lux-kiralik-1-plus1-1289522855/detay,14.500 TL
https://www.sahibinden.com/ilan/emlak-konut-kiralik-atakum-atakent-te-esyali-kiralik-1-plus1-daire-1289134952/detay,18.500 TL
https://www.sahibinden.com/ilan/emlak-konut-kiralik-yigit-cakir-emlaktan-kiralik-daire-1267998366/detay,10.000 TL
https://www.sahibinden.com/ilan/emlak-konut-kiralik-kiralik-adem-inc-ten-deniz-manzarali-3-plus1-daire-1289126662/detay,22.000 TL
https://www.sahibinden.com/ilan/emlak-konut-kiralik-truva-dan-atakent-mah-atasam-hastanesi-yani-ara-kat-kiralik-3-plus1-1283433396/detay,25.900 TL
https://www.sahibinden.com/ilan/emlak-konut-kiralik-kiralik-daire2-plus1-denez-ve-orman-manzarali-1280930827/detay,20.000 TL
https://www.sahibinden.com/ilan/emlak-konut-kiralik-cihan-caylan-dan-kiralik-tramvaya-cephe-2-plus1-1289316326/detay,25.000 TL
https://www.sahibinden.com/ilan/emlak-konut-kiralik-full-esyali-tramvayin-dibi-depozitosuz-kiralik-2-plus1-daire-1289693489/detay,19.000 TL
https://www.sahibinden.com/ilan/emlak-konut-kiralik-samyap-tan-ozel-okullar-bolgesi-balac-ta-1-plus1-kiralik-daire-1260935522/detay,15.000 TL
https://www.sahibinden.com/ilan/emlak-konut-kiralik-sahile-cephe-binada-kiralik-bahce-kati-1265263372/detay,15.000 TL
https://www.sahibinden.com/ilan/emlak-konut-kiralik-samyap-tan-yeni-mh-deniz-manzarali-1-plus1-sifir-daire-1277609143/detay,13.000 TL
https://www.sahibinden.com/ilan/emlak-konut-kiralik-omurevleri-tranvaya-yurume-mesafesinde-esyali-kiralik-1-plus1-daire-1283314215/detay,20.000 TL
https://www.sahibinden.com/ilan/emlak-konut-kiralik-tramvay-cephe-deniz-manzarali-daire-1049996430/detay,12.500 TL
https://www.sahibinden.com/ilan/emlak-konut-kiralik-kiralik-1-plus1-atakum-korfez-de-deniz-manzarali-full-esyali-daire-1283462433/detay,15.000 TL
https://www.sahibinden.com/ilan/emlak-konut-kiralik-huseyin-boylu-dan-alanli-da-kiralik-1-plus1-daire-1277300822/detay,12.000 TL
https://www.sahibinden.com/ilan/emlak-konut-kiralik-korfezde-sahile-cok-yakin-esyali-1-plus1-1289860719/detay,16.500 TL
https://www.sahibinden.com/ilan/emlak-konut-kiralik-sahibinden-depozitosuz-yat-limani-yakini-esyali-1-plus1-1289098737/detay,17.000 TL
