Fiyat,Lokasyon,m2,Oda,Tarih
33.500 TL,KurupelitKörfez Mh.,120,1+1,22 Aralık  2025
35.000 TL,AtakumÇakırlar Yalı Mh.,200,3+1,20 Aralık  2025
15.000 TL,KöylerKüçükkolpınar Mh.,120,2+1,20 Aralık  2025
37.000 TL,AtakumEsenevler Mah.,215,4+1,18 Aralık  2025
15.000 TL,Altınkumİncesu Yalı Mh.,58,1+1,18 Aralık  2025
10.500 TL,KurupelitKörfez Mh.,105,2+1,20 Aralık  2025
32.500 TL,AtakumDenizevleri Mah.,250,4+2,06 Aralık  2025
15.000 TL,AtakumCumhuriyet Mah.,55,1+1,28 Kasım  2025
15.000 TL,KurupelitKörfez Mh.,55,1+1,25 Kasım  2025
19.000 TL,AtakentAtakent Mh.,120,2+1,22 Kasım  2025
16.000 TL,KurupelitKörfez Mh.,55,1+1,25 Aralık  2025
23.000 TL,AtakentAtakent Mh.,150,3+1,24 Aralık  2025
14.250 TL,KöylerBüyükoyumca Mh.,45,1+1,24 Aralık  2025
14.000 TL,KurupelitKörfez Mh.,65,1+1,24 Aralık  2025
10.500 TL,KurupelitKörfez Mh.,50,1+1,24 Aralık  2025
10.500 TL,KurupelitKörfez Mh.,58,1+1,22 Aralık  2025
10.000 TL,KurupelitKörfez Mh.,50,1+1,21 Aralık  2025
13.500 TL,KurupelitKörfez Mh.,50,1+1,22 Aralık  2025
21.000 TL,KurupelitKörfez Mh.,110,2+1,24 Aralık  2025
14.500 TL,AtakentAtakent Mh.,105,2+1,21 Aralık  2025
15.000 TL,KurupelitKörfez Mh.,55,1+1,26 Aralık  2025
17.000 TL,AtakentYenimahalle Mah.,65,1+1,26 Aralık  2025
13.500 TL,AtakentYenimahalle Mah.,50,1+1,26 Aralık  2025
18.500 TL,AtakumYalı Mh.,160,3+1,26 Aralık  2025
12.500 TL,AtakentYenimahalle Mah.,55,1+1,26 Aralık  2025
13.450 TL,KurupelitKörfez Mh.,55,1+1,26 Aralık  2025
15.750 TL,KurupelitKörfez Mh.,55,1+1,26 Aralık  2025
23.000 TL,AtakumEsenevler Mah.,170,3+1,26 Aralık  2025
27.000 TL,AtakentAtakent Mh.,155,3+1,26 Aralık  2025
18.000 TL,KurupelitKörfez Mh.,85,2+1,26 Aralık  2025
15.500 TL,AtakentYenimahalle Mah.,60,1+1,26 Aralık  2025
15.000 TL,AtakentYenimahalle Mah.,55,1+1,26 Aralık  2025
10.000 TL,KöylerBüyükoyumca Mh.,54,1+1,26 Aralık  2025
15.500 TL,AtakentYenimahalle Mah.,53,1+1,26 Aralık  2025
24.000 TL,KurupelitKörfez Mh.,55,1+1,26 Aralık  2025
30.000 TL,AtakentAtatepe,145,3+1,26 Aralık  2025
16.000 TL,KurupelitKörfez Mh.,45,1+1,26 Aralık  2025
9.000 TL,KurupelitKörfez Mh.,55,1+1,26 Aralık  2025
14.000 TL,AtakentYenimahalle Mah.,50,1+1,26 Aralık  2025
15.000 TL,AtakentYenimahalle Mah.,55,1+1,26 Aralık  2025
24.000 TL,KurupelitKörfez Mh.,160,3+1,26 Aralık  2025
18.500 TL,KurupelitKörfez Mh.,80,2+1,26 Aralık  2025
13.000 TL,Altınkumİncesu Yalı Mh.,100,1+1,26 Aralık  2025
20.000 TL,AtakumMevlana Mah.,55,1+1,26 Aralık  2025
17.500 TL,AtakentAtakent Mh.,95,2+1,26 Aralık  2025
80.000 TL,AtakumMimarsinan Mah.,240,4+1,26 Aralık  2025
14.500 TL,KurupelitKörfez Mh.,55,1+1,26 Aralık  2025
15.000 TL,AtakentYenimahalle Mah.,65,1+1,26 Aralık  2025
10.000 TL,KurupelitKörfez Mh.,53,1+1,26 Aralık  2025
25.000 TL,MerkezAlanlı Mh.,125,2+1,26 Aralık  2025
21.000 TL,AtakumCumhuriyet Mah.,160,3+1,26 Aralık  2025
20.500 TL,AtakentAtakent Mh.,105,2+1,26 Aralık  2025
20.000 TL,KurupelitKörfez Mh.,68,1+1,26 Aralık  2025
30.000 TL,AtakentYenimahalle Mah.,110,2+1,26 Aralık  2025
27.500 TL,KöylerKüçükkolpınar Mh.,105,2+1,26 Aralık  2025
27.500 TL,AtakentGüzelyalı Mh.,105,2+1,26 Aralık  2025
30.000 TL,KurupelitKörfez Mh.,240,4+1,26 Aralık  2025
25.000 TL,KöylerÇobanlı Mh.,145,3+1,26 Aralık  2025
16.000 TL,KöylerBalaç Mh.,45,1+1,26 Aralık  2025
16.500 TL,KurupelitKörfez Mh.,55,1+1,26 Aralık  2025
10.450 TL,KurupelitKörfez Mh.,49,1+1,26 Aralık  2025
28.000 TL,AtakentAtakent Mh.,155,3+1,26 Aralık  2025
22.000 TL,AtakumEsenevler Mah.,100,2+1,26 Aralık  2025
25.000 TL,AtakumCumhuriyet Mah.,150,3+1,26 Aralık  2025
17.000 TL,KurupelitKörfez Mh.,50,1+1,26 Aralık  2025
23.000 TL,AtakumMevlana Mah.,55,1+1,26 Aralık  2025
23.000 TL,AtakumBeypınar Mh.,110,2+1,26 Aralık  2025
12.000 TL,AtakumBeypınar Mh.,55,1+1,26 Aralık  2025
18.000 TL,AtakumCumhuriyet Mah.,60,1+1,26 Aralık  2025
14.250 TL,KurupelitKörfez Mh.,50,1+1,26 Aralık  2025
18.500 TL,AtakentYenimahalle Mah.,55,1+1,26 Aralık  2025
14.000 TL,KurupelitKörfez Mh.,60,1+1,26 Aralık  2025
14.000 TL,AtakumEsenevler Mah.,48,1+1,26 Aralık  2025
25.000 TL,AtakentGüzelyalı Mh.,110,3+1,26 Aralık  2025
9.800 TL,KurupelitKörfez Mh.,52,1+1,26 Aralık  2025
175.000 TL,KurupelitKörfez Mh.,450,4+1,26 Aralık  2025
18.500 TL,AtakumCumhuriyet Mah.,145,3+1,26 Aralık  2025
13.000 TL,MerkezAlanlı Mh.,60,1+1,26 Aralık  2025
18.000 TL,AtakentAtakent Mh.,80,1+1,26 Aralık  2025
19.000 TL,AtakumMevlana Mah.,55,1+1,26 Aralık  2025
15.500 TL,KurupelitKörfez Mh.,55,1+1,26 Aralık  2025
18.500 TL,KurupelitKörfez Mh.,95,2+1,26 Aralık  2025
14.000 TL,AtakentYenimahalle Mah.,48,1+1,26 Aralık  2025
7.500 TL,AtakumMevlana Mah.,55,1+1,26 Aralık  2025
23.000 TL,KurupelitKörfez Mh.,90,2+1,26 Aralık  2025
16.000 TL,KöylerBüyükoyumca Mh.,75,2+1,26 Aralık  2025
25.000 TL,AtakumMevlana Mah.,85,2+1,25 Aralık  2025
35.000 TL,AtakentAtakent Mh.,170,3+1,25 Aralık  2025
37.000 TL,KurupelitKörfez Mh.,155,3+1,25 Aralık  2025
39.500 TL,AtakumMimarsinan Mah.,180,3+1,25 Aralık  2025
33.500 TL,AtakentGüzelyalı Mh.,135,3+1,25 Aralık  2025
15.250 TL,AtakentAtatepe,50,1+1,25 Aralık  2025
18.000 TL,KöylerBüyükoyumca Mh.,155,3+1,25 Aralık  2025
25.000 TL,KöylerKüçükkolpınar Mh.,55,1+1,25 Aralık  2025
20.000 TL,KurupelitKörfez Mh.,100,2+1,25 Aralık  2025
13.500 TL,AtakentYenimahalle Mah.,65,1+1,25 Aralık  2025
28.000 TL,AtakentAtakent Mh.,145,3+1,25 Aralık  2025
18.000 TL,AtakumDenizevleri Mah.,145,3+1,26 Aralık  2025
20.000 TL,KöylerBüyükoyumca Mh.,55,1+1,25 Aralık  2025
22.000 TL,AtakentYenimahalle Mah.,140,3+1,25 Aralık  2025
20.000 TL,AtakentGüzelyalı Mh.,150,2+1,25 Aralık  2025
37.500 TL,AtakumYalı Mh.,70,1+1,25 Aralık  2025
17.000 TL,KurupelitKörfez Mh.,60,1+1,25 Aralık  2025
24.000 TL,KurupelitKörfez Mh.,50,1+1,25 Aralık  2025
17.000 TL,KurupelitKörfez Mh.,60,1+1,25 Aralık  2025
24.000 TL,KurupelitKörfez Mh.,50,1+1,25 Aralık  2025
27.000 TL,AtakentAtakent Mh.,160,3+1,25 Aralık  2025
14.000 TL,KöylerBüyükoyumca Mh.,78,2+0,25 Aralık  2025
14.000 TL,KurupelitKörfez Mh.,50,1+1,25 Aralık  2025
32.500 TL,AtakumMevlana Mah.,150,3+1,18 Aralık  2025
38.000 TL,KöylerBüyükoyumca Mh.,200,4+1,25 Aralık  2025
17.000 TL,KurupelitKörfez Mh.,70,1+1,25 Aralık  2025
10.000 TL,AtakumEsenevler Mah.,38,1+1,25 Aralık  2025
14.250 TL,AtakumMevlana Mah.,55,1+1,25 Aralık  2025
10.000 TL,AtakentYenimahalle Mah.,60,1+1,25 Aralık  2025
17.500 TL,KurupelitKörfez Mh.,95,1+1,26 Aralık  2025
15.000 TL,KurupelitKörfez Mh.,55,1+1,25 Aralık  2025
23.000 TL,KöylerKüçükkolpınar Mh.,65,1+1,25 Aralık  2025
16.000 TL,AtakentAtakent Mh.,116,3+1,25 Aralık  2025
16.500 TL,KurupelitKörfez Mh.,65,1+1,25 Aralık  2025
20.000 TL,AtakumEsenevler Mah.,135,3+1,25 Aralık  2025
22.000 TL,Altınkumİncesu Yalı Mh.,60,1+1,25 Aralık  2025
26.000 TL,AtakentYenimahalle Mah.,160,3+1,25 Aralık  2025
12.500 TL,KurupelitKörfez Mh.,55,1+1,25 Aralık  2025
10.000 TL,KurupelitKörfez Mh.,55,1+1,25 Aralık  2025
15.000 TL,MerkezAlanlı Mh.,55,1+1,25 Aralık  2025
15.000 TL,AtakentYenimahalle Mah.,55,1+1,25 Aralık  2025
18.000 TL,KurupelitKörfez Mh.,60,1+1,25 Aralık  2025
39.000 TL,AtakumMevlana Mah.,170,3+1,25 Aralık  2025
14.000 TL,KurupelitKörfez Mh.,45,1+1,25 Aralık  2025
15.500 TL,AtakentYenimahalle Mah.,55,1+1,25 Aralık  2025
12.500 TL,KurupelitKörfez Mh.,50,1+1,25 Aralık  2025
15.000 TL,AtakentYenimahalle Mah.,50,1+1,25 Aralık  2025
11.000 TL,KurupelitKörfez Mh.,55,1+1,26 Aralık  2025
13.000 TL,Atakumİstiklal Mh.,50,1+1,25 Aralık  2025
33.000 TL,AtakumMevlana Mah.,170,3+1,25 Aralık  2025
85.000 TL,KöylerBüyükoyumca Mh.,400,7+1,25 Aralık  2025
15.000 TL,KurupelitKörfez Mh.,60,1+1,25 Aralık  2025
50.000 TL,KöylerKüçükkolpınar Mh.,150,2+1,25 Aralık  2025
18.000 TL,KurupelitKörfez Mh.,70,1+1,26 Aralık  2025
19.000 TL,Atakumİncesu Mh.,125,3+1,25 Aralık  2025
14.750 TL,AtakumCumhuriyet Mah.,70,1+1,25 Aralık  2025
17.000 TL,AtakumMevlana Mah.,52,1+1,25 Aralık  2025
17.000 TL,Atakumİstiklal Mh.,57,1+1,25 Aralık  2025
35.000 TL,AtakumBeypınar Mh.,150,3+1,25 Aralık  2025
14.000 TL,AtakentYenimahalle Mah.,55,1+1,26 Aralık  2025
14.000 TL,AtakumYeşildere Mh.,55,1+1,25 Aralık  2025
15.000 TL,KöylerBüyükoyumca Mh.,44,1+1,25 Aralık  2025
30.000 TL,KurupelitKörfez Mh.,48,Stüdyo (1+0),25 Aralık  2025
26.000 TL,AtakentGüzelyalı Mh.,150,3+1,25 Aralık  2025
27.000 TL,KurupelitKörfez Mh.,190,3+1,25 Aralık  2025
14.500 TL,KurupelitKörfez Mh.,55,1+1,26 Aralık  2025
19.000 TL,AtakumMevlana Mah.,110,2+1,25 Aralık  2025
16.000 TL,AtakentYenimahalle Mah.,95,2+1,25 Aralık  2025
20.500 TL,KöylerÇobanlı Mh.,100,2+1,25 Aralık  2025
17.000 TL,AtakumCumhuriyet Mah.,130,3+1,25 Aralık  2025
11.250 TL,Atakumİstiklal Mh.,53,1+1,25 Aralık  2025
12.000 TL,AtakentYenimahalle Mah.,50,1+1,25 Aralık  2025
15.000 TL,KurupelitKörfez Mh.,50,1+1,25 Aralık  2025
17.000 TL,AtakentYenimahalle Mah.,75,2+1,25 Aralık  2025
16.750 TL,AtakentYenimahalle Mah.,55,1+1,25 Aralık  2025
15.500 TL,KurupelitKörfez Mh.,55,1+1,25 Aralık  2025
12.500 TL,KurupelitKörfez Mh.,50,1+1,25 Aralık  2025
18.000 TL,AtakumBeypınar Mh.,78,2+1,24 Aralık  2025
17.500 TL,KurupelitKörfez Mh.,55,1+1,24 Aralık  2025
23.000 TL,AtakumCumhuriyet Mah.,60,1+1,24 Aralık  2025
32.500 TL,KurupelitKörfez Mh.,130,3+1,24 Aralık  2025
30.000 TL,AtakentGüzelyalı Mh.,55,1+1,24 Aralık  2025
13.750 TL,KurupelitKörfez Mh.,60,1+1,25 Aralık  2025
15.500 TL,AtakentAtakent Mh.,60,1+1,24 Aralık  2025
15.000 TL,Altınkumİncesu Yalı Mh.,50,1+1,24 Aralık  2025
20.000 TL,AtakumCumhuriyet Mah.,55,1+1,24 Aralık  2025
23.000 TL,Atakumİstiklal Mh.,80,2+1,24 Aralık  2025
14.500 TL,KurupelitKörfez Mh.,55,1+1,24 Aralık  2025
20.000 TL,KurupelitKörfez Mh.,96,2+1,24 Aralık  2025
21.500 TL,AtakentYenimahalle Mah.,90,2+1,24 Aralık  2025
27.500 TL,KöylerKüçükkolpınar Mh.,95,2+1,24 Aralık  2025
14.000 TL,KurupelitKörfez Mh.,50,1+1,24 Aralık  2025
21.000 TL,KurupelitKörfez Mh.,62,1+1,24 Aralık  2025
17.000 TL,KurupelitKörfez Mh.,45,1+1,24 Aralık  2025
22.500 TL,AtakumEsenevler Mah.,65,1+1,24 Aralık  2025
11.000 TL,AtakentYenimahalle Mah.,60,1+1,24 Aralık  2025
16.000 TL,Atakumİstiklal Mh.,45,1+1,24 Aralık  2025
22.500 TL,KurupelitKörfez Mh.,90,2+1,25 Aralık  2025
17.500 TL,KurupelitKörfez Mh.,65,1+1,24 Aralık  2025
16.000 TL,KurupelitKörfez Mh.,60,1+1,24 Aralık  2025
15.000 TL,AtakumDenizevleri Mah.,110,2+1,24 Aralık  2025
13.000 TL,KurupelitKörfez Mh.,50,1+1,18 Aralık  2025
25.000 TL,KurupelitKörfez Mh.,85,2+1,24 Aralık  2025
25.000 TL,AtakentYenimahalle Mah.,135,3+1,24 Aralık  2025
18.500 TL,AtakentYenimahalle Mah.,55,1+1,24 Aralık  2025
27.000 TL,AtakumCumhuriyet Mah.,105,2+1,24 Aralık  2025
17.250 TL,AtakumMevlana Mah.,55,1+1,24 Aralık  2025
35.000 TL,Atakumİstiklal Mh.,155,3+1,24 Aralık  2025
15.000 TL,AtakentAtatepe,55,1+1,24 Aralık  2025
18.750 TL,AtakentYenimahalle Mah.,55,1+1,24 Aralık  2025
25.000 TL,AtakentYenimahalle Mah.,55,1+1,24 Aralık  2025
50.000 TL,KurupelitKörfez Mh.,150,3+1,24 Aralık  2025
60.000 TL,AtakentYenimahalle Mah.,195,2+2,24 Aralık  2025
13.500 TL,KurupelitKörfez Mh.,53,1+1,24 Aralık  2025
20.500 TL,AtakumMevlana Mah.,135,3+1,24 Aralık  2025
29.000 TL,AtakentYenimahalle Mah.,80,2+1,24 Aralık  2025
16.500 TL,KurupelitKörfez Mh.,65,1+1,24 Aralık  2025
12.750 TL,KöylerBüyükkolpınar Mh.,65,1+1,24 Aralık  2025
13.500 TL,KurupelitKörfez Mh.,62,1+1,24 Aralık  2025
11.000 TL,Altınkumİncesu Yalı Mh.,50,1+1,24 Aralık  2025
40.000 TL,AtakumBeypınar Mh.,200,4+1,24 Aralık  2025
19.000 TL,KurupelitKörfez Mh.,70,1+1,24 Aralık  2025
40.000 TL,AtakentGüzelyalı Mh.,98,2+1,24 Aralık  2025
17.350 TL,KurupelitKörfez Mh.,60,1+1,24 Aralık  2025
14.000 TL,KurupelitKörfez Mh.,60,1+1,26 Aralık  2025
12.500 TL,AtakentAtakent Mh.,55,1+1,24 Aralık  2025
17.000 TL,KurupelitKörfez Mh.,60,1+1,24 Aralık  2025
19.000 TL,KöylerBüyükoyumca Mh.,52,1+1,24 Aralık  2025
25.000 TL,AtakumMevlana Mah.,94,2+1,24 Aralık  2025
25.000 TL,KöylerBalaç Mh.,80,2+1,24 Aralık  2025
14.500 TL,KurupelitKörfez Mh.,50,1+1,26 Aralık  2025
14.950 TL,AtakumDenizevleri Mah.,105,2+1,18 Aralık  2025
9.900 TL,KurupelitKörfez Mh.,50,1+1,24 Aralık  2025
15.500 TL,KöylerBüyükoyumca Mh.,150,3+1,24 Aralık  2025
15.250 TL,KurupelitKörfez Mh.,52,1+1,24 Aralık  2025
25.000 TL,AtakumEsenevler Mah.,105,2+1,24 Aralık  2025
14.900 TL,KurupelitKörfez Mh.,53,1+1,24 Aralık  2025
10.000 TL,AtakumMevlana Mah.,55,1+1,17 Aralık  2025
15.000 TL,AtakentYenimahalle Mah.,55,1+1,24 Aralık  2025
14.500 TL,KurupelitKörfez Mh.,60,1+1,24 Aralık  2025
15.000 TL,AtakentYenimahalle Mah.,55,1+1,24 Aralık  2025
14.500 TL,KurupelitKörfez Mh.,60,1+1,24 Aralık  2025
25.000 TL,AtakentYenimahalle Mah.,100,2+1,24 Aralık  2025
19.000 TL,KöylerBüyükoyumca Mh.,55,1+1,24 Aralık  2025
14.500 TL,AtakentAtakent Mh.,140,3+1,24 Aralık  2025
24.000 TL,AtakumCumhuriyet Mah.,130,3+1,24 Aralık  2025
13.500 TL,AtakentAtakent Mh.,48,1+1,24 Aralık  2025
13.500 TL,KurupelitKörfez Mh.,50,1+1,24 Aralık  2025
13.500 TL,KurupelitKörfez Mh.,50,1+1,25 Aralık  2025
13.500 TL,Altınkumİncesu Yalı Mh.,50,1+1,24 Aralık  2025
14.500 TL,AtakumCumhuriyet Mah.,155,3+1,24 Aralık  2025
22.500 TL,KurupelitKörfez Mh.,135,3+1,24 Aralık  2025
21.000 TL,AtakumMimarsinan Mah.,60,1+1,24 Aralık  2025
12.500 TL,KöylerBüyükoyumca Mh.,110,2+1,24 Aralık  2025
19.000 TL,KurupelitKörfez Mh.,70,2+1,24 Aralık  2025
21.500 TL,KurupelitKörfez Mh.,90,2+1,24 Aralık  2025
13.500 TL,KurupelitKörfez Mh.,60,1+1,25 Aralık  2025
24.000 TL,AtakumYeşildere Mh.,145,3+1,24 Aralık  2025
35.000 TL,KöylerÇobanözü Mh.,100,2+1,24 Aralık  2025
21.000 TL,AtakentAtakent Mh.,58,1+1,24 Aralık  2025
16.000 TL,KöylerBüyükoyumca Mh.,135,3+1,24 Aralık  2025
12.000 TL,AtakumMevlana Mah.,55,1+1,24 Aralık  2025
30.500 TL,KurupelitKörfez Mh.,145,3+1,23 Aralık  2025
13.000 TL,KurupelitKörfez Mh.,60,1+1,24 Aralık  2025
22.000 TL,KöylerBüyükoyumca Mh.,140,3+1,23 Aralık  2025
14.250 TL,KurupelitKörfez Mh.,55,1+1,25 Aralık  2025
25.000 TL,Atakumİstiklal Mh.,100,2+1,23 Aralık  2025
40.000 TL,KurupelitKörfez Mh.,130,3+1,23 Aralık  2025
15.500 TL,AtakentYenimahalle Mah.,55,1+1,23 Aralık  2025
16.500 TL,KöylerBalaç Mh.,100,2+1,23 Aralık  2025
20.000 TL,AtakumBeypınar Mh.,114,2+1,23 Aralık  2025
11.000 TL,KurupelitKörfez Mh.,55,1+1,23 Aralık  2025
32.000 TL,AtakumBeypınar Mh.,200,4+1,23 Aralık  2025
19.750 TL,AtakentYenimahalle Mah.,130,3+1,23 Aralık  2025
22.000 TL,AtakumMevlana Mah.,60,1+1,23 Aralık  2025
14.500 TL,Altınkumİncesu Yalı Mh.,55,1+1,23 Aralık  2025
22.000 TL,AtakumMevlana Mah.,50,1+1,23 Aralık  2025
19.000 TL,AtakentYenimahalle Mah.,85,2+1,23 Aralık  2025
10.000 TL,KurupelitKörfez Mh.,60,1+1,23 Aralık  2025
23.000 TL,AtakumMimarsinan Mah.,140,3+1,23 Aralık  2025
18.000 TL,AtakumCumhuriyet Mah.,120,3+1,23 Aralık  2025
15.000 TL,AtakumEsenevler Mah.,115,2+1,23 Aralık  2025
15.000 TL,AtakumEsenevler Mah.,115,2+1,23 Aralık  2025
17.500 TL,KöylerBüyükoyumca Mh.,90,2+1,23 Aralık  2025
15.000 TL,Atakumİstiklal Mh.,55,1+1,23 Aralık  2025
11.500 TL,KurupelitKörfez Mh.,52,1+1,23 Aralık  2025
16.500 TL,AtakentYenimahalle Mah.,60,1+1,24 Aralık  2025
18.000 TL,AtakumEsenevler Mah.,140,3+1,23 Aralık  2025
21.000 TL,AtakumMevlana Mah.,85,2+1,23 Aralık  2025
20.000 TL,AtakumMevlana Mah.,60,1+1,24 Aralık  2025
27.000 TL,KurupelitKörfez Mh.,85,2+1,23 Aralık  2025
30.000 TL,AtakentYenimahalle Mah.,170,3+1,23 Aralık  2025
9.000 TL,AtakentAtakent Mh.,50,1+1,24 Aralık  2025
11.750 TL,KöylerKüçükkolpınar Mh.,50,1+1,23 Aralık  2025
17.500 TL,AtakentYenimahalle Mah.,120,3+1,24 Aralık  2025
37.500 TL,Atakumİstiklal Mh.,190,4+1,24 Aralık  2025
11.000 TL,AtakumMevlana Mah.,45,1+1,23 Aralık  2025
14.000 TL,KurupelitKörfez Mh.,45,1+1,24 Aralık  2025
30.000 TL,AtakumMimarsinan Mah.,150,3+1,23 Aralık  2025
14.500 TL,KurupelitKörfez Mh.,55,1+1,23 Aralık  2025
15.000 TL,AtakumEsenevler Mah.,45,1+1,23 Aralık  2025
18.000 TL,AtakentYenimahalle Mah.,60,1+1,23 Aralık  2025
14.000 TL,KurupelitKörfez Mh.,47,1+1,23 Aralık  2025
30.000 TL,AtakentAtakent Mh.,185,3+1,23 Aralık  2025
16.500 TL,Atakumİstiklal Mh.,65,1+1,23 Aralık  2025
22.000 TL,KurupelitKörfez Mh.,140,3+1,23 Aralık  2025
23.500 TL,Atakumİstiklal Mh.,140,3+1,23 Aralık  2025
14.000 TL,AtakumMevlana Mah.,55,1+1,24 Aralık  2025
40.500 TL,KöylerKüçükkolpınar Mh.,220,4+1,23 Aralık  2025
17.000 TL,KurupelitKörfez Mh.,95,2+0,23 Aralık  2025
123.456 TL,AtakumÇakırlar Yalı Mh.,980,6+1,23 Aralık  2025
22.000 TL,KöylerBüyükoyumca Mh.,130,2+1,24 Aralık  2025
19.000 TL,KurupelitKörfez Mh.,100,2+1,23 Aralık  2025
12.000 TL,AtakentYenimahalle Mah.,50,1+1,23 Aralık  2025
20.000 TL,KurupelitKörfez Mh.,140,3+1,23 Aralık  2025
25.000 TL,KurupelitKörfez Mh.,85,2+1,24 Aralık  2025
10.000 TL,KurupelitKörfez Mh.,55,1+1,23 Aralık  2025
13.000 TL,Atakumİstiklal Mh.,55,1+1,23 Aralık  2025
24.000 TL,AtakentAtakent Mh.,135,2+1,23 Aralık  2025
17.000 TL,KurupelitKörfez Mh.,50,1+1,23 Aralık  2025
24.000 TL,AtakumBeypınar Mh.,120,2+1,23 Aralık  2025
33.000 TL,KöylerBalaç Mh.,170,4+1,23 Aralık  2025
20.000 TL,AtakumEsenevler Mah.,90,2+1,23 Aralık  2025
15.250 TL,AtakentYenimahalle Mah.,50,1+1,23 Aralık  2025
15.000 TL,AtakentYenimahalle Mah.,60,1+1,23 Aralık  2025
12.500 TL,KurupelitKörfez Mh.,60,1+1,23 Aralık  2025
26.000 TL,AtakumEsenevler Mah.,155,3+1,24 Aralık  2025
10.250 TL,AtakentAtatepe,45,1+1,24 Aralık  2025
18.500 TL,AtakumCumhuriyet Mah.,110,2+1,16 Aralık  2025
20.000 TL,AtakumDenizevleri Mah.,108,3+1,23 Aralık  2025
26.000 TL,AtakentYenimahalle Mah.,80,2+1,23 Aralık  2025
15.500 TL,KurupelitKörfez Mh.,45,1+1,23 Aralık  2025
15.500 TL,KurupelitKörfez Mh.,50,1+1,23 Aralık  2025
15.500 TL,AtakumCumhuriyet Mah.,110,2+1,23 Aralık  2025
15.500 TL,KurupelitKörfez Mh.,50,1+1,24 Aralık  2025
16.500 TL,AtakentYenimahalle Mah.,65,1+1,23 Aralık  2025
21.000 TL,Altınkumİncesu Yalı Mh.,110,2+1,23 Aralık  2025
10.000 TL,Altınkumİncesu Yalı Mh.,50,1+1,23 Aralık  2025
26.500 TL,KurupelitKörfez Mh.,95,2+1,24 Aralık  2025
33.000 TL,AtakentYenimahalle Mah.,180,4+1,23 Aralık  2025
19.000 TL,KöylerBüyükoyumca Mh.,55,1+1,24 Aralık  2025
27.000 TL,KöylerBalaç Mh.,155,3+1,23 Aralık  2025
19.450 TL,KurupelitKörfez Mh.,56,1+1,23 Aralık  2025
12.000 TL,AtakentYenimahalle Mah.,65,1+1,24 Aralık  2025
20.000 TL,AtakumMimarsinan Mah.,150,3+1,23 Aralık  2025
14.250 TL,KöylerBüyükoyumca Mh.,115,3+1,24 Aralık  2025
23.000 TL,AtakumMevlana Mah.,100,2+1,23 Aralık  2025
17.000 TL,AtakentAtakent Mh.,70,1+1,23 Aralık  2025
15.000 TL,KöylerBüyükoyumca Mh.,58,1+1,23 Aralık  2025
30.000 TL,AtakentAtakent Mh.,150,3+1,23 Aralık  2025
17.000 TL,AtakumCumhuriyet Mah.,120,2+1,23 Aralık  2025
13.000 TL,KurupelitKörfez Mh.,51,1+1,23 Aralık  2025
30.000 TL,KurupelitKörfez Mh.,165,3+1,23 Aralık  2025
27.500 TL,AtakumYeşildere Mh.,110,2+1,22 Aralık  2025
14.750 TL,Atakumİstiklal Mh.,62,1+1,22 Aralık  2025
31.000 TL,KurupelitKörfez Mh.,150,3+1,25 Aralık  2025
11.000 TL,KurupelitKörfez Mh.,49,1+1,22 Aralık  2025
18.000 TL,AtakumEsenevler Mah.,95,2+1,22 Aralık  2025
25.500 TL,KurupelitKörfez Mh.,55,1+1,22 Aralık  2025
16.000 TL,KurupelitKörfez Mh.,55,1+1,24 Aralık  2025
31.000 TL,AtakentYenimahalle Mah.,80,2+1,22 Aralık  2025
30.000 TL,AtakumMimarsinan Mah.,165,3+1,25 Aralık  2025
15.500 TL,AtakumMimarsinan Mah.,130,3+1,22 Aralık  2025
13.000 TL,AtakentYenimahalle Mah.,65,1+1,22 Aralık  2025
31.000 TL,AtakentYenimahalle Mah.,80,2+1,22 Aralık  2025
30.000 TL,AtakumMimarsinan Mah.,165,3+1,25 Aralık  2025
15.500 TL,AtakumMimarsinan Mah.,130,3+1,22 Aralık  2025
13.000 TL,AtakentYenimahalle Mah.,65,1+1,22 Aralık  2025
30.000 TL,KöylerÇobanlı Mh.,140,3+1,22 Aralık  2025
19.000 TL,AtakentYenimahalle Mah.,115,2+1,22 Aralık  2025
18.000 TL,KurupelitKörfez Mh.,90,2+1,23 Aralık  2025
10.750 TL,Atakumİstiklal Mh.,55,1+1,22 Aralık  2025
15.750 TL,AtakentYenimahalle Mah.,60,1+1,22 Aralık  2025
19.000 TL,AtakumEsenevler Mah.,140,3+1,22 Aralık  2025
29.000 TL,KurupelitKörfez Mh.,75,1+1,23 Aralık  2025
17.500 TL,KurupelitKörfez Mh.,60,1+1,22 Aralık  2025
60.000 TL,KöylerBüyükkolpınar Mh.,200,2.5+1,22 Aralık  2025
17.000 TL,AtakumMimarsinan Mah.,100,3+1,22 Aralık  2025
50.000 TL,KurupelitKörfez Mh.,75,1+1,22 Aralık  2025
18.000 TL,KöylerBüyükkolpınar Mh.,65,1+1,22 Aralık  2025
20.000 TL,AtakumMevlana Mah.,60,1+1,24 Aralık  2025
11.500 TL,KurupelitKörfez Mh.,60,1+1,23 Aralık  2025
21.000 TL,AtakumCumhuriyet Mah.,60,1+1,22 Aralık  2025
15.000 TL,KurupelitKörfez Mh.,60,1+1,22 Aralık  2025
19.000 TL,AtakumMimarsinan Mah.,65,1+1,22 Aralık  2025
13.250 TL,KurupelitKörfez Mh.,55,1+1,22 Aralık  2025
14.000 TL,KurupelitKörfez Mh.,65,1+1,23 Aralık  2025
30.000 TL,AtakentYenimahalle Mah.,120,2+1,22 Aralık  2025
23.000 TL,AtakentYenimahalle Mah.,135,3+1,23 Aralık  2025
25.000 TL,KöylerBalaç Mh.,125,2+1,22 Aralık  2025
16.000 TL,AtakentAtakent Mh.,75,1+1,22 Aralık  2025
15.200 TL,KurupelitKörfez Mh.,55,1+1,23 Aralık  2025
13.000 TL,KurupelitKörfez Mh.,45,1+1,23 Aralık  2025
13.500 TL,KurupelitKörfez Mh.,60,1+1,22 Aralık  2025
33.500 TL,KurupelitKörfez Mh.,130,2+1,22 Aralık  2025
20.000 TL,KurupelitKörfez Mh.,140,3+1,22 Aralık  2025
31.500 TL,KöylerBalaç Mh.,180,3+1,22 Aralık  2025
33.000 TL,KurupelitKörfez Mh.,95,2+1,22 Aralık  2025
18.500 TL,KöylerBalaç Mh.,54,1+1,22 Aralık  2025
32.000 TL,KurupelitKörfez Mh.,60,1+1,22 Aralık  2025
25.000 TL,KurupelitKörfez Mh.,65,1+1,22 Aralık  2025
21.000 TL,AtakentYenimahalle Mah.,55,1+1,22 Aralık  2025
47.000 TL,AtakentGüzelyalı Mh.,170,3.5+1,22 Aralık  2025
12.500 TL,KöylerBüyükoyumca Mh.,50,1+1,23 Aralık  2025
25.000 TL,AtakentAtakent Mh.,155,3+1,22 Aralık  2025
18.000 TL,Atakumİstiklal Mh.,90,2+1,22 Aralık  2025
35.000 TL,KöylerBüyükoyumca Mh.,215,4+1,22 Aralık  2025
22.500 TL,KöylerBalaç Mh.,50,1+1,22 Aralık  2025
23.000 TL,AtakumCumhuriyet Mah.,95,2+1,22 Aralık  2025
18.000 TL,Atakumİstiklal Mh.,55,1+1,22 Aralık  2025
27.000 TL,AtakumYeşildere Mh.,100,2+1,22 Aralık  2025
13.500 TL,AtakentYenimahalle Mah.,47,3+1,22 Aralık  2025
10.000 TL,AtakentYenimahalle Mah.,47,3+1,23 Aralık  2025
20.000 TL,KurupelitKörfez Mh.,60,1+1,23 Aralık  2025
12.500 TL,AtakentYenimahalle Mah.,60,1+1,22 Aralık  2025
18.000 TL,MerkezAlanlı Mh.,60,1+1,22 Aralık  2025
14.500 TL,KurupelitKörfez Mh.,65,1+1,23 Aralık  2025
24.500 TL,KöylerBalaç Mh.,150,3+1,22 Aralık  2025
25.000 TL,KurupelitKörfez Mh.,85,2+1,24 Aralık  2025
17.500 TL,KöylerBüyükoyumca Mh.,65,1+1,23 Aralık  2025
10.000 TL,KurupelitKörfez Mh.,65,1+1,22 Aralık  2025
18.000 TL,KurupelitKörfez Mh.,55,1+1,22 Aralık  2025
14.500 TL,AtakentYenimahalle Mah.,55,1+1,22 Aralık  2025
15.750 TL,KurupelitKörfez Mh.,55,1+1,22 Aralık  2025
10.000 TL,KurupelitKörfez Mh.,50,1+1,22 Aralık  2025
15.000 TL,AtakentYenimahalle Mah.,55,1+1,24 Aralık  2025
10.000 TL,KurupelitKörfez Mh.,50,1+1,22 Aralık  2025
15.000 TL,AtakentYenimahalle Mah.,55,1+1,24 Aralık  2025
14.250 TL,AtakumMevlana Mah.,55,1+1,23 Aralık  2025
27.000 TL,KurupelitKörfez Mh.,55,1+1,25 Aralık  2025
21.500 TL,KurupelitKörfez Mh.,65,1+1,22 Aralık  2025
12.500 TL,KurupelitKörfez Mh.,60,1+1,22 Aralık  2025
27.000 TL,KöylerKüçükkolpınar Mh.,60,1+1,22 Aralık  2025
26.000 TL,KöylerKüçükkolpınar Mh.,125,2+1,22 Aralık  2025
16.500 TL,KurupelitKörfez Mh.,60,1+1,25 Aralık  2025
12.500 TL,KurupelitKörfez Mh.,55,1+1,22 Aralık  2025
23.500 TL,KöylerÇobanlı Mh.,130,3+1,22 Aralık  2025
17.000 TL,AtakentYenimahalle Mah.,60,1+1,22 Aralık  2025
24.500 TL,AtakentYenimahalle Mah.,65,1+1,22 Aralık  2025
14.250 TL,KurupelitKörfez Mh.,55,1+1,23 Aralık  2025
15.000 TL,KöylerBüyükoyumca Mh.,60,1+1,22 Aralık  2025
15.000 TL,KurupelitKörfez Mh.,50,1+1,22 Aralık  2025
16.500 TL,KurupelitKörfez Mh.,55,1+1,22 Aralık  2025
19.000 TL,KöylerKüçükkolpınar Mh.,50,1+1,22 Aralık  2025
45.000 TL,AtakentYenimahalle Mah.,230,4+1,22 Aralık  2025
19.500 TL,AtakumMevlana Mah.,55,1+1,22 Aralık  2025
20.000 TL,KöylerKüçükkolpınar Mh.,55,1+1,22 Aralık  2025
29.500 TL,AtakumDenizevleri Mah.,130,3+1,22 Aralık  2025
20.000 TL,AtakentGüzelyalı Mh.,60,1+1,22 Aralık  2025
37.500 TL,AtakentAtakent Mh.,160,3+1,22 Aralık  2025
15.000 TL,KurupelitKörfez Mh.,55,1+1,22 Aralık  2025
18.000 TL,AtakumCumhuriyet Mah.,130,3+1,22 Aralık  2025
13.500 TL,AtakentYenimahalle Mah.,55,1+1,22 Aralık  2025
24.000 TL,MerkezAlanlı Mh.,155,3+1,22 Aralık  2025
15.500 TL,AtakentAtakent Mh.,85,1+1,22 Aralık  2025
15.000 TL,KurupelitKörfez Mh.,50,1+1,22 Aralık  2025
15.250 TL,AtakentAtakent Mh.,60,1+1,21 Aralık  2025
15.250 TL,AtakentYenimahalle Mah.,55,1+1,22 Aralık  2025
15.000 TL,AtakentYenimahalle Mah.,60,1+1,22 Aralık  2025
16.000 TL,KurupelitKörfez Mh.,50,1+1,21 Aralık  2025
20.000 TL,KurupelitKörfez Mh.,120,2+1,21 Aralık  2025
12.500 TL,Atakumİstiklal Mh.,55,1+1,21 Aralık  2025
13.000 TL,KurupelitKörfez Mh.,40,1+1,21 Aralık  2025
17.000 TL,KurupelitKörfez Mh.,50,1+1,21 Aralık  2025
18.000 TL,AtakentAtakent Mh.,50,1+1,23 Aralık  2025
13.000 TL,KöylerBüyükoyumca Mh.,55,1+1,21 Aralık  2025
12.500 TL,KöylerBüyükoyumca Mh.,50,1+1,21 Aralık  2025
22.500 TL,AtakumEsenevler Mah.,60,1+1,21 Aralık  2025
22.500 TL,AtakumEsenevler Mah.,60,1+1,21 Aralık  2025
13.000 TL,KöylerBüyükoyumca Mh.,46,1+1,21 Aralık  2025
16.000 TL,KurupelitKörfez Mh.,55,1+1,21 Aralık  2025
13.500 TL,AtakentYenimahalle Mah.,70,1+1,21 Aralık  2025
17.500 TL,KöylerBüyükoyumca Mh.,135,3+1,21 Aralık  2025
16.000 TL,Altınkumİncesu Yalı Mh.,50,1+1,22 Aralık  2025
16.000 TL,AtakumMevlana Mah.,100,2+1,21 Aralık  2025
15.000 TL,KurupelitKörfez Mh.,60,1+1,21 Aralık  2025
34.000 TL,AtakumDenizevleri Mah.,120,2+1,21 Aralık  2025
14.000 TL,KöylerBüyükoyumca Mh.,50,1+1,21 Aralık  2025
37.000 TL,KurupelitKörfez Mh.,140,3+1,21 Aralık  2025
28.000 TL,AtakentYenimahalle Mah.,135,3+1,21 Aralık  2025
16.250 TL,KurupelitKörfez Mh.,55,1+1,22 Aralık  2025
20.000 TL,KurupelitKörfez Mh.,68,1+1,21 Aralık  2025
17.500 TL,MerkezAlanlı Mh.,70,2+1,21 Aralık  2025
24.000 TL,ÇatalçamYeşilyurt Mh.,185,3+1,21 Aralık  2025
20.000 TL,AtakumCumhuriyet Mah.,150,3+1,22 Aralık  2025
20.000 TL,AtakumMevlana Mah.,60,1+1,24 Aralık  2025
24.500 TL,AtakumMevlana Mah.,177,3+1,21 Aralık  2025
27.500 TL,Altınkumİncesu Yalı Mh.,145,3+1,21 Aralık  2025
12.500 TL,KurupelitKörfez Mh.,55,1+1,21 Aralık  2025
21.000 TL,AtakumYeşildere Mh.,55,1+1,22 Aralık  2025
17.500 TL,AtakumMimarsinan Mah.,105,2+1,21 Aralık  2025
18.000 TL,Atakumİstiklal Mh.,60,1+1,21 Aralık  2025
36.000 TL,AtakumDenizevleri Mah.,55,1+1,21 Aralık  2025
16.000 TL,AtakumDenizevleri Mah.,120,2+1,21 Aralık  2025
25.000 TL,AtakentYenimahalle Mah.,145,3+1,21 Aralık  2025
24.000 TL,KurupelitKörfez Mh.,145,3+1,21 Aralık  2025
28.000 TL,AtakentAtakent Mh.,150,3+1,21 Aralık  2025
25.000 TL,AtakentYenimahalle Mah.,145,3+1,21 Aralık  2025
20.000 TL,AtakumDenizevleri Mah.,130,3+1,21 Aralık  2025
25.500 TL,MerkezAlanlı Mh.,130,3+1,22 Aralık  2025
80.000 TL,AtakentGüzelyalı Mh.,225,4+1,21 Aralık  2025
18.000 TL,AtakentYenimahalle Mah.,130,3+1,21 Aralık  2025
23.000 TL,AtakumMimarsinan Mah.,130,3+1,21 Aralık  2025
17.500 TL,KurupelitKörfez Mh.,100,2+1,22 Aralık  2025
13.000 TL,KöylerKüçükkolpınar Mh.,75,1+1,22 Aralık  2025
36.000 TL,AtakumCumhuriyet Mah.,200,5+1,21 Aralık  2025
16.000 TL,AtakentYenimahalle Mah.,55,1+1,21 Aralık  2025
17.000 TL,KurupelitKörfez Mh.,55,1+1,22 Aralık  2025
15.500 TL,KurupelitKörfez Mh.,55,1+1,21 Aralık  2025
18.000 TL,AtakentAtakent Mh.,60,1+1,21 Aralık  2025
18.000 TL,AtakentAtakent Mh.,60,1+1,21 Aralık  2025
15.000 TL,AtakentAtakent Mh.,55,1+1,22 Aralık  2025
20.000 TL,AtakentYenimahalle Mah.,75,1+1,22 Aralık  2025
26.000 TL,AtakentGüzelyalı Mh.,110,2+1,21 Aralık  2025
15.000 TL,AtakentYenimahalle Mah.,48,1+1,21 Aralık  2025
17.000 TL,AtakentYenimahalle Mah.,60,1+1,22 Aralık  2025
15.000 TL,KurupelitKörfez Mh.,55,1+1,21 Aralık  2025
15.500 TL,KurupelitKörfez Mh.,60,1+1,21 Aralık  2025
13.500 TL,KurupelitKörfez Mh.,40,1+1,24 Aralık  2025
17.500 TL,AtakentYenimahalle Mah.,90,2+1,22 Aralık  2025
9.250 TL,KurupelitKörfez Mh.,60,1+1,22 Aralık  2025
11.500 TL,KurupelitKörfez Mh.,55,1+1,22 Aralık  2025
16.000 TL,AtakentAtakent Mh.,58,1+1,21 Aralık  2025
14.500 TL,KurupelitKörfez Mh.,55,1+1,25 Aralık  2025
12.000 TL,AtakentYenimahalle Mah.,45,Stüdyo (1+0),22 Aralık  2025
25.000 TL,AtakumMevlana Mah.,110,2+1,21 Aralık  2025
13.500 TL,KurupelitKörfez Mh.,52,1+1,21 Aralık  2025
17.500 TL,AtakentGüzelyalı Mh.,60,1+1,22 Aralık  2025
16.000 TL,AtakumCumhuriyet Mah.,160,3+1,21 Aralık  2025
18.500 TL,AtakentYenimahalle Mah.,65,1+1,22 Aralık  2025
25.000 TL,AtakumMevlana Mah.,145,3+1,21 Aralık  2025
20.000 TL,KöylerBüyükoyumca Mh.,125,3+1,21 Aralık  2025
23.000 TL,AtakumBeypınar Mh.,100,2+1,21 Aralık  2025
17.000 TL,KurupelitKörfez Mh.,60,1+1,21 Aralık  2025
15.000 TL,KurupelitKörfez Mh.,50,1+1,21 Aralık  2025
16.000 TL,KöylerBüyükoyumca Mh.,55,1+1,21 Aralık  2025
15.500 TL,KurupelitKörfez Mh.,50,1+1,22 Aralık  2025
17.000 TL,KurupelitKörfez Mh.,90,2+1,20 Aralık  2025
20.000 TL,AtakentAtakent Mh.,100,2+1,20 Aralık  2025
20.000 TL,KurupelitKörfez Mh.,55,1+1,20 Aralık  2025
16.750 TL,KurupelitKörfez Mh.,45,1+1,20 Aralık  2025
12.500 TL,MerkezAlanlı Mh.,57,1+1,20 Aralık  2025
15.500 TL,AtakentYenimahalle Mah.,50,1+1,20 Aralık  2025
23.000 TL,KurupelitKörfez Mh.,90,2+1,20 Aralık  2025
31.000 TL,KurupelitKörfez Mh.,155,3+1,20 Aralık  2025
28.000 TL,KurupelitKörfez Mh.,100,2+1,21 Aralık  2025
14.000 TL,AtakentYenimahalle Mah.,65,1+1,21 Aralık  2025
13.500 TL,KurupelitKörfez Mh.,55,1+1,20 Aralık  2025
16.500 TL,AtakumMimarsinan Mah.,100,2+1,20 Aralık  2025
26.000 TL,AtakentAtakent Mh.,140,3+1,20 Aralık  2025
21.500 TL,KurupelitKörfez Mh.,80,2+1,20 Aralık  2025
14.800 TL,KurupelitKörfez Mh.,55,1+1,21 Aralık  2025
30.000 TL,AtakentYenimahalle Mah.,150,3+1,20 Aralık  2025
30.000 TL,AtakentGüzelyalı Mh.,120,3+1,20 Aralık  2025
16.000 TL,AtakentYenimahalle Mah.,65,1+1,20 Aralık  2025
15.500 TL,KurupelitKörfez Mh.,55,1+1,23 Aralık  2025
22.000 TL,AtakumCumhuriyet Mah.,100,2+1,20 Aralık  2025
15.000 TL,KurupelitKörfez Mh.,43,1+1,26 Aralık  2025
12.500 TL,KurupelitKörfez Mh.,50,1+1,20 Aralık  2025
25.000 TL,KöylerKüçükkolpınar Mh.,105,2+1,20 Aralık  2025
20.000 TL,AtakentYenimahalle Mah.,200,4+1,20 Aralık  2025
25.500 TL,KöylerBalaç Mh.,55,1+1,20 Aralık  2025
12.000 TL,KurupelitKörfez Mh.,50,1+1,20 Aralık  2025
21.500 TL,AtakumMevlana Mah.,100,2+1,20 Aralık  2025
25.250 TL,AtakentYenimahalle Mah.,115,2+1,21 Aralık  2025
10.000 TL,KurupelitKörfez Mh.,55,1+1,20 Aralık  2025
19.000 TL,AtakumMimarsinan Mah.,125,3+1,20 Aralık  2025
29.000 TL,KöylerÇobanlı Mh.,155,3+1,20 Aralık  2025
15.500 TL,AtakentYenimahalle Mah.,55,1+1,20 Aralık  2025
11.000 TL,KurupelitKörfez Mh.,50,1+1,22 Aralık  2025
11.000 TL,KurupelitKörfez Mh.,50,1+1,22 Aralık  2025
37.000 TL,KöylerBüyükkolpınar Mh.,220,4+1,20 Aralık  2025
51.000 TL,KurupelitKörfez Mh.,280,5+2,21 Aralık  2025
13.000 TL,Atakumİstiklal Mh.,50,1+1,20 Aralık  2025
9.250 TL,KurupelitKörfez Mh.,40,1+1,20 Aralık  2025
21.000 TL,AtakumCumhuriyet Mah.,150,3+1,21 Aralık  2025
10.000 TL,Altınkumİncesu Yalı Mh.,60,1+1,20 Aralık  2025
22.500 TL,AtakumYeşildere Mh.,100,2+1,22 Aralık  2025
18.000 TL,KurupelitKörfez Mh.,70,1+1,20 Aralık  2025
20.000 TL,Altınkumİncesu Yalı Mh.,55,1+1,20 Aralık  2025
17.000 TL,KurupelitKörfez Mh.,74,2+1,20 Aralık  2025
22.000 TL,AtakumBeypınar Mh.,100,2+1,20 Aralık  2025
17.500 TL,KöylerBüyükoyumca Mh.,50,1+1,20 Aralık  2025
14.500 TL,KurupelitKörfez Mh.,50,1+1,23 Aralık  2025
13.999 TL,Atakumİstiklal Mh.,60,1+1,20 Aralık  2025
21.000 TL,AtakumCumhuriyet Mah.,120,2+1,20 Aralık  2025
12.000 TL,MerkezAlanlı Mh.,60,1+1,20 Aralık  2025
10.000 TL,AtakumCumhuriyet Mah.,40,1+1,20 Aralık  2025
14.000 TL,KurupelitKörfez Mh.,53,1+1,20 Aralık  2025
21.000 TL,KurupelitKörfez Mh.,100,2+1,21 Aralık  2025
250.000 TL,Altınkumİncesu Yalı Mh.,800,5+1,20 Aralık  2025
80.000 TL,AtakumMimarsinan Mah.,240,4+1,26 Aralık  2025
14.500 TL,KurupelitKörfez Mh.,60,1+1,21 Aralık  2025
25.000 TL,KurupelitKörfez Mh.,95,2+1,20 Aralık  2025
18.000 TL,KurupelitKörfez Mh.,70,1+1,20 Aralık  2025
25.000 TL,KöylerKüçükkolpınar Mh.,120,2+1,20 Aralık  2025
25.000 TL,AtakentAtakent Mh.,140,3+1,20 Aralık  2025
17.000 TL,AtakentAtakent Mh.,240,4+1,22 Aralık  2025
20.000 TL,AtakentAtatepe,155,3+1,20 Aralık  2025
25.000 TL,KurupelitKörfez Mh.,55,1+1,20 Aralık  2025
17.000 TL,AtakumEsenevler Mah.,150,3+1,20 Aralık  2025
19.000 TL,AtakentAtakent Mh.,95,2+1,20 Aralık  2025
17.000 TL,AtakentAtakent Mh.,55,1+1,22 Aralık  2025
19.000 TL,AtakumCumhuriyet Mah.,135,3+1,20 Aralık  2025
11.000 TL,AtakentYenimahalle Mah.,48,1+1,20 Aralık  2025
12.750 TL,AtakumEsenevler Mah.,110,2+1,20 Aralık  2025
15.250 TL,KurupelitKörfez Mh.,55,1+1,22 Aralık  2025
23.000 TL,KurupelitKörfez Mh.,85,2+1,26 Aralık  2025
20.000 TL,Atakumİstiklal Mh.,105,2+1,20 Aralık  2025
20.000 TL,KurupelitKörfez Mh.,100,2+1,22 Aralık  2025
13.000 TL,AtakumEsenevler Mah.,55,1+1,20 Aralık  2025
30.000 TL,AtakumDenizevleri Mah.,160,3+1,20 Aralık  2025
30.000 TL,AtakumDenizevleri Mah.,160,3+1,20 Aralık  2025
10.500 TL,Altınkumİncesu Yalı Mh.,55,1+1,20 Aralık  2025
11.250 TL,AtakumMevlana Mah.,55,1+1,20 Aralık  2025
25.000 TL,AtakumYeşildere Mh.,100,2+1,20 Aralık  2025
20.000 TL,KurupelitKörfez Mh.,65,1+1,22 Aralık  2025
9.500 TL,AtakumMevlana Mah.,55,1+1,20 Aralık  2025
21.000 TL,AtakentYenimahalle Mah.,65,1+1,20 Aralık  2025
15.000 TL,KurupelitKörfez Mh.,50,1+1,22 Aralık  2025
16.000 TL,AtakentYenimahalle Mah.,92,2+1,20 Aralık  2025
9.999 TL,KurupelitKörfez Mh.,50,1+1,20 Aralık  2025
26.000 TL,AtakumMimarsinan Mah.,170,6+1,20 Aralık  2025
10.499 TL,KöylerBüyükoyumca Mh.,55,1+1,21 Aralık  2025
26.000 TL,AtakentYenimahalle Mah.,120,3+1,20 Aralık  2025
14.000 TL,KurupelitKörfez Mh.,55,1+1,25 Aralık  2025
22.000 TL,AtakumCumhuriyet Mah.,140,3+1,20 Aralık  2025
12.000 TL,KurupelitKörfez Mh.,60,1+1,26 Aralık  2025
16.000 TL,KurupelitKörfez Mh.,55,1+1,22 Aralık  2025
23.500 TL,AtakentAtakent Mh.,155,3+1,20 Aralık  2025
13.500 TL,KurupelitKörfez Mh.,52,1+1,22 Aralık  2025
25.000 TL,AtakumEsenevler Mah.,185,3+1,20 Aralık  2025
16.499 TL,AtakentYenimahalle Mah.,100,2+1,20 Aralık  2025
14.999 TL,KurupelitKörfez Mh.,55,1+1,21 Aralık  2025
14.000 TL,AtakumÇakırlar Yalı Mh.,55,1+1,20 Aralık  2025
14.000 TL,KurupelitKörfez Mh.,60,1+1,20 Aralık  2025
18.000 TL,AtakumCumhuriyet Mah.,110,2+1,20 Aralık  2025
24.000 TL,KöylerÇobanlı Mh.,105,2+1,20 Aralık  2025
17.000 TL,AtakumEsenevler Mah.,120,2+1,20 Aralık  2025
12.500 TL,KurupelitKörfez Mh.,50,1+1,19 Aralık  2025
13.000 TL,KurupelitKörfez Mh.,55,1+1,19 Aralık  2025
19.500 TL,KöylerBalaç Mh.,130,2+1,19 Aralık  2025
36.000 TL,KöylerBüyükoyumca Mh.,200,4+1,19 Aralık  2025
15.000 TL,KurupelitKörfez Mh.,55,1+1,20 Aralık  2025
16.000 TL,AtakumEsenevler Mah.,55,1.5+1,20 Aralık  2025
16.500 TL,KurupelitKörfez Mh.,60,1+1,21 Aralık  2025
17.000 TL,KurupelitKörfez Mh.,49,1+1,19 Aralık  2025
20.500 TL,AtakumCumhuriyet Mah.,65,1+1,19 Aralık  2025
16.000 TL,KurupelitKörfez Mh.,50,1+1,19 Aralık  2025
12.500 TL,KurupelitKörfez Mh.,52,1+1,19 Aralık  2025
23.000 TL,KurupelitKörfez Mh.,110,2+1,20 Aralık  2025
26.000 TL,KöylerKüçükkolpınar Mh.,130,3+1,19 Aralık  2025
16.000 TL,AtakentYenimahalle Mah.,120,2+1,19 Aralık  2025
15.000 TL,AtakentYenimahalle Mah.,50,1+1,19 Aralık  2025
25.500 TL,AtakentAtakent Mh.,110,2+1,20 Aralık  2025
14.500 TL,KöylerÇobanlı Mh.,60,1+1,19 Aralık  2025
18.000 TL,AtakumMimarsinan Mah.,120,2+1,19 Aralık  2025
18.000 TL,KöylerKüçükkolpınar Mh.,50,1+1,20 Aralık  2025
27.500 TL,AtakumEsenevler Mah.,150,3+1,19 Aralık  2025
16.000 TL,AtakumMimarsinan Mah.,135,3+1,19 Aralık  2025
10.000 TL,Atakumİstiklal Mh.,50,1+1,19 Aralık  2025
14.000 TL,KurupelitKörfez Mh.,52,1+1,20 Aralık  2025
16.500 TL,MerkezAlanlı Mh.,50,1+1,12 Aralık  2025
16.000 TL,KurupelitKörfez Mh.,65,1+1,19 Aralık  2025
27.000 TL,AtakentYenimahalle Mah.,160,3+1,19 Aralık  2025
15.500 TL,KurupelitKörfez Mh.,44,1+1,19 Aralık  2025
10.500 TL,AtakentYenimahalle Mah.,55,1+1,19 Aralık  2025
16.500 TL,AtakentYenimahalle Mah.,90,2+1,20 Aralık  2025
48.500 TL,AtakentGüzelyalı Mh.,160,3+1,20 Aralık  2025
14.500 TL,KurupelitKörfez Mh.,50,1+1,23 Aralık  2025
65.000 TL,AtakentGüzelyalı Mh.,160,3+1,20 Aralık  2025
80.000 TL,KöylerBüyükoyumca Mh.,400,7+1,19 Aralık  2025
80.000 TL,KöylerBalaç Mh.,197,4+1,19 Aralık  2025
24.000 TL,KurupelitKörfez Mh.,65,1+1,20 Aralık  2025
28.000 TL,AtakentYenimahalle Mah.,105,2+1,20 Aralık  2025
18.000 TL,AtakentYenimahalle Mah.,50,1+1,20 Aralık  2025
11.000 TL,KöylerBüyükoyumca Mh.,45,1+1,19 Aralık  2025
85.000 TL,KöylerBüyükoyumca Mh.,400,7+1,19 Aralık  2025
23.000 TL,KurupelitKörfez Mh.,55,1+1,22 Aralık  2025
37.000 TL,AtakumBeypınar Mh.,200,4+1,19 Aralık  2025
11.500 TL,Atakumİstiklal Mh.,55,1+1,19 Aralık  2025
26.000 TL,KöylerBalaç Mh.,100,2+1,19 Aralık  2025
25.500 TL,AtakentGüzelyalı Mh.,65,2+1,19 Aralık  2025
10.250 TL,KurupelitKörfez Mh.,55,1+1,20 Aralık  2025
17.000 TL,AtakumCumhuriyet Mah.,80,2+1,20 Aralık  2025
55.000 TL,AtakentGüzelyalı Mh.,180,3+1,20 Aralık  2025
17.000 TL,KurupelitKörfez Mh.,55,1+1,20 Aralık  2025
12.500 TL,KurupelitKörfez Mh.,55,1+1,19 Aralık  2025
85.000 TL,AtakumYalı Mh.,156,3+1,19 Aralık  2025
15.000 TL,KurupelitKörfez Mh.,65,1+1,21 Aralık  2025
10.500 TL,KöylerBüyükoyumca Mh.,45,1+1,19 Aralık  2025
24.500 TL,AtakumCumhuriyet Mah.,145,3+1,19 Aralık  2025
30.000 TL,AtakentGüzelyalı Mh.,50,Stüdyo (1+0),19 Aralık  2025
19.000 TL,AtakentYenimahalle Mah.,80,2+1,19 Aralık  2025
26.000 TL,AtakentAtakent Mh.,135,3+1,19 Aralık  2025
22.500 TL,KurupelitKörfez Mh.,110,2+1,19 Aralık  2025
35.000 TL,KurupelitKörfez Mh.,90,2+1,20 Aralık  2025
12.000 TL,AtakentYenimahalle Mah.,55,1+1,19 Aralık  2025
17.000 TL,Atakumİstiklal Mh.,60,1+1,20 Aralık  2025
17.500 TL,KurupelitKörfez Mh.,55,1+1,19 Aralık  2025
18.250 TL,KurupelitKörfez Mh.,60,1+1,19 Aralık  2025
15.000 TL,KurupelitKörfez Mh.,60,1+1,19 Aralık  2025
100.000 TL,TaflanCamii Mh.,400,5+1,19 Aralık  2025
25.000 TL,MerkezAlanlı Mh.,100,2+1,19 Aralık  2025
18.000 TL,KöylerBüyükkolpınar Mh.,80,2+1,19 Aralık  2025
23.000 TL,AtakumEsenevler Mah.,140,3+1,19 Aralık  2025
17.000 TL,KurupelitKörfez Mh.,60,1+1,19 Aralık  2025
14.500 TL,AtakumEsenevler Mah.,70,1+1,19 Aralık  2025
18.000 TL,KurupelitKörfez Mh.,60,1+1,20 Aralık  2025
13.000 TL,AtakentYenimahalle Mah.,50,1+1,13 Aralık  2025
30.000 TL,AtakentYenimahalle Mah.,185,4+1,19 Aralık  2025
15.000 TL,Altınkumİncesu Yalı Mh.,50,1+1,19 Aralık  2025
19.000 TL,AtakumMimarsinan Mah.,80,2+1,19 Aralık  2025
14.100 TL,AtakentYenimahalle Mah.,60,1+1,19 Aralık  2025
10.500 TL,KurupelitKörfez Mh.,50,1+1,20 Aralık  2025
15.000 TL,AtakentYenimahalle Mah.,100,2+1,19 Aralık  2025
17.500 TL,AtakumEsenevler Mah.,85,2+1,19 Aralık  2025
30.000 TL,AtakentYenimahalle Mah.,165,3+1,20 Aralık  2025
30.000 TL,AtakumMevlana Mah.,145,3+1,20 Aralık  2025
26.000 TL,AtakentAtakent Mh.,120,3+1,19 Aralık  2025
22.500 TL,AtakumDenizevleri Mah.,90,2+1,19 Aralık  2025
10.500 TL,Atakumİstiklal Mh.,55,1+1,20 Aralık  2025
12.000 TL,AtakumMevlana Mah.,55,2+1,19 Aralık  2025
45.000 TL,AtakumMimarsinan Mah.,180,4+1,19 Aralık  2025
17.500 TL,KurupelitKörfez Mh.,60,1+1,19 Aralık  2025
11.000 TL,KöylerBüyükoyumca Mh.,46,1+1,19 Aralık  2025
25.500 TL,KöylerBüyükoyumca Mh.,165,3+1,20 Aralık  2025
13.000 TL,KurupelitKörfez Mh.,50,1+1,20 Aralık  2025
23.000 TL,Atakumİstiklal Mh.,100,2+1,19 Aralık  2025
25.000 TL,AtakumCumhuriyet Mah.,115,2+1,19 Aralık  2025
17.500 TL,AtakentYenimahalle Mah.,71,1+1,20 Aralık  2025
14.750 TL,KurupelitKörfez Mh.,55,1+1,22 Aralık  2025
10.250 TL,Altınkumİncesu Yalı Mh.,50,1+1,19 Aralık  2025
15.000 TL,KurupelitKörfez Mh.,55,1+1,21 Aralık  2025
16.000 TL,AtakumCumhuriyet Mah.,109,3+1,13 Aralık  2025
25.000 TL,AtakentAtatepe,125,2+1,19 Aralık  2025
22.000 TL,AtakumBeypınar Mh.,100,2+1,20 Aralık  2025
25.000 TL,AtakentYenimahalle Mah.,55,1+1,19 Aralık  2025
35.500 TL,AtakumDenizevleri Mah.,135,3+1,20 Aralık  2025
15.000 TL,KöylerBüyükoyumca Mh.,55,1+1,19 Aralık  2025
14.000 TL,AtakumYeşildere Mh.,60,1+1,19 Aralık  2025
15.000 TL,AtakentYenimahalle Mah.,60,1+1,19 Aralık  2025
18.000 TL,AtakumEsenevler Mah.,120,2+1,19 Aralık  2025
25.250 TL,KöylerKüçükkolpınar Mh.,160,3+1,18 Aralık  2025
12.000 TL,Atakumİstiklal Mh.,60,1+1,18 Aralık  2025
21.000 TL,AtakentYenimahalle Mah.,140,3+1,19 Aralık  2025
9.000 TL,AtakumMimarsinan Mah.,75,2+1,18 Aralık  2025
18.000 TL,KöylerBalaç Mh.,85,2+1,18 Aralık  2025
18.000 TL,KöylerBüyükoyumca Mh.,155,3+1,18 Aralık  2025
26.000 TL,AtakentAtakent Mh.,110,2+1,19 Aralık  2025
18.000 TL,AtakumCumhuriyet Mah.,100,2+1,18 Aralık  2025
22.000 TL,AtakumMimarsinan Mah.,130,3+1,18 Aralık  2025
15.000 TL,KurupelitKörfez Mh.,130,3+1,19 Aralık  2025
14.000 TL,KöylerÇobanlı Mh.,60,1+1,18 Aralık  2025
21.000 TL,AtakumMevlana Mah.,120,3+1,18 Aralık  2025
10.000 TL,KurupelitKörfez Mh.,55,1+1,23 Aralık  2025
23.000 TL,AtakumEsenevler Mah.,104,2+1,18 Aralık  2025
12.000 TL,KöylerBalaç Mh.,55,1+1,18 Aralık  2025
13.000 TL,Atakumİstiklal Mh.,55,1+1,18 Aralık  2025
16.500 TL,AtakumEsenevler Mah.,60,1+1,18 Aralık  2025
34.500 TL,KurupelitKörfez Mh.,135,3+1,18 Aralık  2025
15.000 TL,AtakumDenizevleri Mah.,135,3+1,18 Aralık  2025
15.000 TL,KurupelitKörfez Mh.,45,1+1,18 Aralık  2025
16.000 TL,AtakentYenimahalle Mah.,55,1+1,19 Aralık  2025
43.000 TL,AtakumMimarsinan Mah.,165,3+1,18 Aralık  2025
18.000 TL,AtakentGüzelyalı Mh.,60,1+1,18 Aralık  2025
13.000 TL,AtakumMevlana Mah.,55,1+1,18 Aralık  2025
21.000 TL,AtakumEsenevler Mah.,55,1+1,18 Aralık  2025
16.500 TL,KurupelitKörfez Mh.,65,1+1,19 Aralık  2025
28.000 TL,AtakentYenimahalle Mah.,150,3+1,18 Aralık  2025
20.000 TL,KurupelitKörfez Mh.,70,1+1,19 Aralık  2025
15.750 TL,KurupelitKörfez Mh.,50,1+1,18 Aralık  2025
10.500 TL,KurupelitKörfez Mh.,55,1+1,18 Aralık  2025
25.500 TL,AtakentGüzelyalı Mh.,48,1+1,19 Aralık  2025
12.000 TL,AtakentYenimahalle Mah.,55,1+1,18 Aralık  2025
12.000 TL,KurupelitKörfez Mh.,53,1+1,18 Aralık  2025
12.500 TL,KurupelitKörfez Mh.,50,1+1,19 Aralık  2025
15.490 TL,KurupelitKörfez Mh.,60,1+1,20 Aralık  2025
16.000 TL,AtakumEsenevler Mah.,120,3+1,18 Aralık  2025
12.000 TL,KurupelitKörfez Mh.,55,1+1,18 Aralık  2025
21.999 TL,AtakentYenimahalle Mah.,60,1+1,20 Aralık  2025
25.000 TL,AtakentGüzelyalı Mh.,200,3+1,18 Aralık  2025
21.000 TL,KurupelitKörfez Mh.,150,3+1,18 Aralık  2025
14.500 TL,AtakentYenimahalle Mah.,55,1+1,20 Aralık  2025
14.750 TL,KurupelitKörfez Mh.,70,1+1,19 Aralık  2025
12.000 TL,MerkezAlanlı Mh.,55,1+1,18 Aralık  2025
12.000 TL,KurupelitKörfez Mh.,55,1+1,18 Aralık  2025
13.500 TL,AtakumEsenevler Mah.,110,2+1,19 Aralık  2025
13.500 TL,AtakumMimarsinan Mah.,110,2+1,18 Aralık  2025
14.000 TL,KurupelitKörfez Mh.,60,1+1,20 Aralık  2025
3.000 TL,KurupelitKörfez Mh.,48,1+1,18 Aralık  2025
24.000 TL,Atakumİstiklal Mh.,105,2+1,18 Aralık  2025
55.000 TL,KöylerBüyükoyumca Mh.,220,4+1,18 Aralık  2025
15.500 TL,AtakentYenimahalle Mah.,55,1+1,20 Aralık  2025
18.000 TL,AtakentAtakent Mh.,60,1+1,18 Aralık  2025
15.000 TL,KurupelitKörfez Mh.,50,1+1,18 Aralık  2025
15.250 TL,KurupelitKörfez Mh.,52,1+1,21 Aralık  2025
36.500 TL,KöylerKüçükkolpınar Mh.,165,4+1,18 Aralık  2025
24.500 TL,AtakumBeypınar Mh.,100,2+1,18 Aralık  2025
15.000 TL,KurupelitKörfez Mh.,55,1+1,18 Aralık  2025
15.000 TL,KurupelitKörfez Mh.,62,1+1,18 Aralık  2025
11.000 TL,KurupelitKörfez Mh.,55,1+1,20 Aralık  2025
15.000 TL,AtakentYenimahalle Mah.,70,1+1,20 Aralık  2025
21.000 TL,KurupelitKörfez Mh.,120,2+1,20 Aralık  2025
19.500 TL,MerkezAlanlı Mh.,140,4+1,18 Aralık  2025
15.000 TL,AtakumMevlana Mah.,60,1+1,18 Aralık  2025
18.500 TL,KurupelitKörfez Mh.,65,1+1,18 Aralık  2025
11.500 TL,KurupelitKörfez Mh.,60,1+1,20 Aralık  2025
39.000 TL,AtakumMevlana Mah.,190,3+1,19 Aralık  2025
17.000 TL,KöylerBüyükoyumca Mh.,50,1+1,18 Aralık  2025
18.000 TL,KöylerBalaç Mh.,100,2+1,18 Aralık  2025
22.000 TL,AtakumMevlana Mah.,110,2+1,18 Aralık  2025
12.500 TL,AtakentYenimahalle Mah.,38,Stüdyo (1+0),18 Aralık  2025
26.500 TL,AtakumCumhuriyet Mah.,145,3+1,20 Aralık  2025
25.000 TL,KöylerKüçükkolpınar Mh.,110,2+1,18 Aralık  2025
27.000 TL,AtakentGüzelyalı Mh.,55,1+1,18 Aralık  2025
13.000 TL,AtakentYenimahalle Mah.,50,1+1,13 Aralık  2025
15.000 TL,KöylerKüçükkolpınar Mh.,150,3+1,18 Aralık  2025
11.500 TL,Atakumİstiklal Mh.,55,1+1,18 Aralık  2025
13.000 TL,KurupelitKörfez Mh.,60,1+1,18 Aralık  2025
16.000 TL,KurupelitKörfez Mh.,65,1+1,20 Aralık  2025
12.000 TL,AtakumMimarsinan Mah.,40,Stüdyo (1+0),18 Aralık  2025
29.950 TL,AtakentGüzelyalı Mh.,170,3+1,18 Aralık  2025
15.000 TL,KurupelitKörfez Mh.,55,1+1,20 Aralık  2025
27.000 TL,AtakumDenizevleri Mah.,120,3+1,11 Aralık  2025
15.000 TL,AtakumCumhuriyet Mah.,65,1+1,18 Aralık  2025
33.000 TL,AtakentGüzelyalı Mh.,90,2+1,18 Aralık  2025
18.500 TL,AtakentYenimahalle Mah.,37,Stüdyo (1+0),18 Aralık  2025
11.500 TL,KurupelitKörfez Mh.,55,1+1,24 Aralık  2025
15.000 TL,Altınkumİncesu Yalı Mh.,55,1+1,18 Aralık  2025
15.000 TL,KöylerBüyükoyumca Mh.,130,3+1,19 Aralık  2025
15.000 TL,AtakumÇakırlar Yalı Mh.,60,1+1,18 Aralık  2025
30.000 TL,AtakentYenimahalle Mah.,95,2+1,19 Aralık  2025
16.000 TL,KurupelitKörfez Mh.,62,1+1,18 Aralık  2025
20.000 TL,AtakumMevlana Mah.,60,1+1,20 Aralık  2025
16.000 TL,AtakumEsenevler Mah.,90,2+1,18 Aralık  2025
17.000 TL,AtakumCumhuriyet Mah.,50,1+1,17 Aralık  2025
14.500 TL,KurupelitKörfez Mh.,43,1+1,20 Aralık  2025
15.500 TL,KöylerBüyükoyumca Mh.,55,1+1,18 Aralık  2025
13.000 TL,KöylerBalaç Mh.,60,1+1,17 Aralık  2025
20.000 TL,AtakentYenimahalle Mah.,95,2+1,17 Aralık  2025
36.000 TL,AtakumMevlana Mah.,150,3+1,17 Aralık  2025
17.500 TL,KöylerBalaç Mh.,75,2+1,17 Aralık  2025
12.000 TL,AtakentAtakent Mh.,50,1+1,17 Aralık  2025
13.000 TL,KöylerBüyükoyumca Mh.,120,3+1,17 Aralık  2025
15.000 TL,KöylerÇobanlı Mh.,60,1+1,18 Aralık  2025
26.000 TL,AtakumCumhuriyet Mah.,140,3+1,17 Aralık  2025
11.000 TL,AtakentYenimahalle Mah.,60,1+1,17 Aralık  2025
14.000 TL,KurupelitKörfez Mh.,80,1+1,20 Aralık  2025
15.000 TL,AtakumCumhuriyet Mah.,100,2+1,18 Aralık  2025
23.000 TL,AtakumEsenevler Mah.,130,3+1,17 Aralık  2025
65.000 TL,Altınkumİncesu Yalı Mh.,348,7+1,17 Aralık  2025
17.000 TL,AtakentYenimahalle Mah.,50,1+1,19 Aralık  2025
14.250 TL,KurupelitKörfez Mh.,65,1+1,17 Aralık  2025
25.500 TL,AtakumCumhuriyet Mah.,135,3+1,17 Aralık  2025
23.000 TL,KurupelitKörfez Mh.,120,2+1,17 Aralık  2025
11.000 TL,KurupelitKörfez Mh.,60,1+1,19 Aralık  2025
18.250 TL,KurupelitKörfez Mh.,100,2+1,19 Aralık  2025
33.000 TL,AtakumMevlana Mah.,170,3+1,17 Aralık  2025
16.500 TL,AtakumBeypınar Mh.,55,1+1,17 Aralık  2025
25.000 TL,AtakumCumhuriyet Mah.,130,3+1,17 Aralık  2025
18.000 TL,KöylerBüyükoyumca Mh.,135,3+1,17 Aralık  2025
15.000 TL,KurupelitKörfez Mh.,60,1+1,17 Aralık  2025
15.000 TL,AtakentYenimahalle Mah.,60,1+1,19 Aralık  2025
27.500 TL,AtakumMevlana Mah.,160,3+1,18 Aralık  2025
17.500 TL,AtakentAtakent Mh.,100,3+1,17 Aralık  2025
14.500 TL,AtakentAtakent Mh.,55,1+1,18 Aralık  2025
15.000 TL,KöylerBüyükoyumca Mh.,55,1+1,18 Aralık  2025
30.000 TL,AtakumMimarsinan Mah.,155,3+1,17 Aralık  2025
19.000 TL,KöylerBüyükoyumca Mh.,130,3+1,17 Aralık  2025
18.000 TL,KöylerKüçükkolpınar Mh.,150,3+1,17 Aralık  2025
12.000 TL,Altınkumİncesu Yalı Mh.,55,1+1,17 Aralık  2025
13.000 TL,KurupelitKörfez Mh.,49,1+1,21 Aralık  2025
35.000 TL,AtakentGüzelyalı Mh.,140,4+1,17 Aralık  2025
16.500 TL,AtakentYenimahalle Mah.,125,2+1,18 Aralık  2025
15.000 TL,KurupelitKörfez Mh.,50,1+1,18 Aralık  2025
40.000 TL,KurupelitKörfez Mh.,150,3+1,19 Aralık  2025
30.000 TL,KurupelitKörfez Mh.,90,2+1,18 Aralık  2025
22.500 TL,KöylerBüyükkolpınar Mh.,130,3+1,17 Aralık  2025
15.000 TL,KöylerBüyükoyumca Mh.,55,1+1,18 Aralık  2025
11.000 TL,KurupelitKörfez Mh.,70,1+1,19 Aralık  2025
15.000 TL,AtakentYenimahalle Mah.,55,1+1,17 Aralık  2025
12.500 TL,AtakumMevlana Mah.,60,1+1,17 Aralık  2025
35.000 TL,AtakentYenimahalle Mah.,150,3+1,18 Aralık  2025
15.500 TL,KurupelitKörfez Mh.,60,1+1,20 Aralık  2025
20.500 TL,AtakumCumhuriyet Mah.,140,3+1,17 Aralık  2025
31.000 TL,AtakentGüzelyalı Mh.,220,4+1,18 Aralık  2025
25.000 TL,AtakumCumhuriyet Mah.,180,3+1,17 Aralık  2025
25.000 TL,AtakumMimarsinan Mah.,140,3+1,17 Aralık  2025
20.500 TL,AtakentYenimahalle Mah.,145,3+1,17 Aralık  2025
13.000 TL,Atakumİncesu Mh.,50,1+1,17 Aralık  2025
16.500 TL,AtakentYenimahalle Mah.,65,1+1,19 Aralık  2025
17.500 TL,AtakumMevlana Mah.,120,3+1,17 Aralık  2025
20.000 TL,AtakentAtakent Mh.,55,1+1,17 Aralık  2025
17.000 TL,AtakentYenimahalle Mah.,60,1+1,17 Aralık  2025
23.000 TL,KöylerBalaç Mh.,100,2+1,17 Aralık  2025
14.000 TL,KurupelitKörfez Mh.,43,1+1,17 Aralık  2025
9.950 TL,KurupelitKörfez Mh.,55,1+1,21 Aralık  2025
10.000 TL,Atakumİstiklal Mh.,50,1+1,17 Aralık  2025
20.000 TL,KurupelitKörfez Mh.,110,2+1,18 Aralık  2025
13.000 TL,KurupelitKörfez Mh.,45,1+1,17 Aralık  2025
15.500 TL,KurupelitKörfez Mh.,100,2+1,17 Aralık  2025
20.000 TL,MerkezAlanlı Mh.,110,2+1,17 Aralık  2025
15.500 TL,KurupelitKörfez Mh.,55,1+1,17 Aralık  2025
17.000 TL,KurupelitKörfez Mh.,55,1+1,18 Aralık  2025
16.000 TL,KurupelitKörfez Mh.,54,1+1,18 Aralık  2025
17.750 TL,KöylerBalaç Mh.,87,2+1,17 Aralık  2025
13.000 TL,KöylerBalaç Mh.,50,1+1,18 Aralık  2025
14.000 TL,KurupelitKörfez Mh.,50,1+1,17 Aralık  2025
13.200 TL,KurupelitKörfez Mh.,60,1+1,20 Aralık  2025
16.000 TL,Atakumİstiklal Mh.,160,3+1,17 Aralık  2025
20.000 TL,KöylerBüyükoyumca Mh.,110,2+1,18 Aralık  2025
35.000 TL,KurupelitKörfez Mh.,65,1+1,20 Aralık  2025
13.000 TL,KurupelitKörfez Mh.,60,1+1,20 Aralık  2025
26.000 TL,KöylerBüyükkolpınar Mh.,120,2+1,17 Aralık  2025
21.500 TL,KurupelitKörfez Mh.,90,2+1,17 Aralık  2025
9.000 TL,AtakentYenimahalle Mah.,33,1+1,17 Aralık  2025
32.000 TL,KurupelitKörfez Mh.,115,2+1,17 Aralık  2025
15.750 TL,KurupelitKörfez Mh.,55,1+1,17 Aralık  2025
26.000 TL,AtakumDenizevleri Mah.,95,2+1,17 Aralık  2025
12.500 TL,Altınkumİncesu Yalı Mh.,55,1+1,17 Aralık  2025
20.000 TL,AtakumCumhuriyet Mah.,120,2+1,18 Aralık  2025
14.000 TL,KurupelitKörfez Mh.,50,1+1,18 Aralık  2025
20.000 TL,AtakumEsenevler Mah.,100,2+1,18 Aralık  2025
36.000 TL,AtakentYenimahalle Mah.,156,3+1,18 Aralık  2025
15.000 TL,KurupelitKörfez Mh.,65,1+1,17 Aralık  2025
19.000 TL,AtakentAtakent Mh.,100,2+1,17 Aralık  2025
27.500 TL,AtakentYenimahalle Mah.,150,3+1,17 Aralık  2025
36.000 TL,AtakumCumhuriyet Mah.,100,3+1,18 Aralık  2025
15.500 TL,KurupelitKörfez Mh.,75,2+1,20 Aralık  2025
11.000 TL,KurupelitKörfez Mh.,55,1+1,20 Aralık  2025
17.000 TL,KurupelitKörfez Mh.,55,1+1,20 Aralık  2025
15.000 TL,KöylerBüyükoyumca Mh.,90,2+1,12 Aralık  2025
13.900 TL,KurupelitKörfez Mh.,50,1+1,19 Aralık  2025
16.000 TL,Atakumİstiklal Mh.,75,2+1,18 Aralık  2025
15.500 TL,AtakentAtakent Mh.,55,1+1,16 Aralık  2025
11.000 TL,AtakumCumhuriyet Mah.,100,3+1,16 Aralık  2025
16.750 TL,MerkezAlanlı Mh.,50,1+1,16 Aralık  2025
16.000 TL,AtakentYenimahalle Mah.,95,2+1,19 Aralık  2025
16.500 TL,KurupelitKörfez Mh.,57,1+1,20 Aralık  2025
15.000 TL,MerkezAlanlı Mh.,50,1+1,16 Aralık  2025
25.750 TL,AtakumMimarsinan Mah.,147,3+1,16 Aralık  2025
30.000 TL,AtakentYenimahalle Mah.,170,4+1,16 Aralık  2025
15.000 TL,KurupelitKörfez Mh.,50,1+1,17 Aralık  2025
13.500 TL,KurupelitKörfez Mh.,55,1+1,17 Aralık  2025
14.000 TL,AtakumMevlana Mah.,55,1+1,16 Aralık  2025
17.000 TL,AtakentYenimahalle Mah.,90,2+1,18 Aralık  2025
19.000 TL,MerkezAlanlı Mh.,110,2+1,16 Aralık  2025
13.500 TL,KurupelitKörfez Mh.,70,1+1,16 Aralık  2025
30.000 TL,AtakumMimarsinan Mah.,50,1+1,17 Aralık  2025
18.000 TL,AtakumMimarsinan Mah.,130,3+1,17 Aralık  2025
14.750 TL,KurupelitKörfez Mh.,55,1+1,17 Aralık  2025
13.000 TL,KurupelitKörfez Mh.,55,1+1,17 Aralık  2025
19.500 TL,KöylerBalaç Mh.,55,1+1,16 Aralık  2025
11.500 TL,KurupelitKörfez Mh.,55,1+1,17 Aralık  2025
26.000 TL,AtakumMimarsinan Mah.,192,3+1,17 Aralık  2025
18.000 TL,AtakentYenimahalle Mah.,135,3+1,19 Aralık  2025
15.000 TL,AtakentYenimahalle Mah.,50,1+1,16 Aralık  2025
16.000 TL,KurupelitKörfez Mh.,80,1+1,17 Aralık  2025
11.000 TL,KurupelitKörfez Mh.,60,1+1,16 Aralık  2025
21.000 TL,KurupelitKörfez Mh.,60,1+1,22 Aralık  2025
13.250 TL,KurupelitKörfez Mh.,55,1+1,16 Aralık  2025
10.000 TL,KurupelitKörfez Mh.,60,1+1,16 Aralık  2025
16.000 TL,KurupelitKörfez Mh.,45,1+1,17 Aralık  2025
21.000 TL,AtakumCumhuriyet Mah.,110,2+1,16 Aralık  2025
20.000 TL,KurupelitKörfez Mh.,60,1+1,16 Aralık  2025
30.500 TL,Atakumİstiklal Mh.,170,3+1,16 Aralık  2025
12.500 TL,Atakumİstiklal Mh.,60,1+1,16 Aralık  2025
21.000 TL,KurupelitKörfez Mh.,53,1+1,16 Aralık  2025
13.000 TL,Atakumİstiklal Mh.,50,1+1,16 Aralık  2025
20.000 TL,AtakentYenimahalle Mah.,79,1+1,16 Aralık  2025
20.000 TL,AtakentYenimahalle Mah.,90,2+1,16 Aralık  2025
70.000 TL,AtakentGüzelyalı Mh.,370,6+2,17 Aralık  2025
15.000 TL,KurupelitKörfez Mh.,60,1+1,16 Aralık  2025
13.250 TL,KurupelitKörfez Mh.,48,1+1,23 Aralık  2025
55.000 TL,AtakumCumhuriyet Mah.,350,3+2,16 Aralık  2025
30.000 TL,KöylerÇobanlı Mh.,165,3+1,16 Aralık  2025
35.500 TL,AtakentAtakent Mh.,150,3+1,16 Aralık  2025
28.000 TL,AtakumMimarsinan Mah.,120,3+1,17 Aralık  2025
9.000 TL,KurupelitKörfez Mh.,56,1+1,18 Aralık  2025
8.500 TL,KurupelitKörfez Mh.,50,1+1,18 Aralık  2025
22.500 TL,AtakentGüzelyalı Mh.,130,3+1,16 Aralık  2025
15.000 TL,KurupelitKörfez Mh.,60,1+1,17 Aralık  2025
45.000 TL,AtakentAtakent Mh.,180,3+1,16 Aralık  2025
16.500 TL,KöylerBalaç Mh.,45,1+1,16 Aralık  2025
25.000 TL,AtakumEsenevler Mah.,190,4+1,16 Aralık  2025
13.000 TL,KurupelitKörfez Mh.,55,1+1,17 Aralık  2025
22.500 TL,AtakentAtakent Mh.,125,3+1,17 Aralık  2025
16.000 TL,AtakumMimarsinan Mah.,78,2+1,16 Aralık  2025
22.500 TL,Atakumİstiklal Mh.,100,2+1,17 Aralık  2025
28.000 TL,AtakentAtakent Mh.,130,3+1,18 Aralık  2025
17.000 TL,KurupelitKörfez Mh.,55,1+1,16 Aralık  2025
16.500 TL,Altınkumİncesu Yalı Mh.,50,1+1,16 Aralık  2025
19.000 TL,AtakentYenimahalle Mah.,50,1+1,17 Aralık  2025
20.000 TL,AtakumÇakırlar Yalı Mh.,110,2+1,16 Aralık  2025
35.000 TL,AtakumCumhuriyet Mah.,160,3+1,16 Aralık  2025
20.000 TL,AtakentYenimahalle Mah.,95,2+1,17 Aralık  2025
14.250 TL,Altınkumİncesu Yalı Mh.,60,1+1,16 Aralık  2025
12.000 TL,KöylerBüyükoyumca Mh.,58,1+1,16 Aralık  2025
15.000 TL,AtakentYenimahalle Mah.,55,1+1,16 Aralık  2025
15.000 TL,KurupelitKörfez Mh.,55,1+1,17 Aralık  2025
2.750 TL,KurupelitKörfez Mh.,70,1+1,16 Aralık  2025
13.000 TL,KurupelitKörfez Mh.,50,1+1,12 Aralık  2025
13.500 TL,Atakumİstiklal Mh.,50,1+1,16 Aralık  2025
24.000 TL,AtakumCumhuriyet Mah.,150,3+1,17 Aralık  2025
55.000 TL,KöylerKüçükkolpınar Mh.,270,4+1,16 Aralık  2025
16.500 TL,KurupelitKörfez Mh.,70,1+1,20 Aralık  2025
67.500 TL,KöylerBüyükoyumca Mh.,400,7+1,16 Aralık  2025
17.000 TL,MerkezAlanlı Mh.,100,2+1,16 Aralık  2025
19.500 TL,KurupelitKörfez Mh.,67,1+1,16 Aralık  2025
20.000 TL,AtakumMevlana Mah.,60,1+1,20 Aralık  2025
15.000 TL,KöylerBüyükoyumca Mh.,45,1+1,17 Aralık  2025
15.500 TL,KurupelitKörfez Mh.,55,1+1,16 Aralık  2025
13.650 TL,KurupelitKörfez Mh.,60,1+1,20 Aralık  2025
10.000 TL,KurupelitKörfez Mh.,55,1+1,19 Aralık  2025
25.750 TL,AtakumMimarsinan Mah.,150,3+1,16 Aralık  2025
19.000 TL,AtakumEsenevler Mah.,125,2+1,16 Aralık  2025
18.000 TL,KurupelitKörfez Mh.,110,2+1,17 Aralık  2025
14.500 TL,KurupelitKörfez Mh.,55,1+1,18 Aralık  2025
18.500 TL,AtakentYenimahalle Mah.,55,1+1,16 Aralık  2025
10.000 TL,KurupelitKörfez Mh.,45,1+1,17 Aralık  2025
22.000 TL,AtakentAtakent Mh.,140,3+1,16 Aralık  2025
25.900 TL,AtakentAtakent Mh.,140,3+1,17 Aralık  2025
20.000 TL,KurupelitKörfez Mh.,85,2+1,17 Aralık  2025
25.000 TL,AtakumCumhuriyet Mah.,115,2+1,17 Aralık  2025
19.000 TL,KurupelitKörfez Mh.,85,2+1,19 Aralık  2025
15.000 TL,AtakumBeypınar Mh.,50,1+1,16 Aralık  2025
15.000 TL,AtakumDenizevleri Mah.,100,2+1,16 Aralık  2025
13.000 TL,AtakentYenimahalle Mah.,55,1+1,18 Aralık  2025
20.000 TL,Atakumİstiklal Mh.,58,1+1,16 Aralık  2025
12.500 TL,KurupelitKörfez Mh.,60,1+1,19 Aralık  2025
15.000 TL,KurupelitKörfez Mh.,50,1+1,17 Aralık  2025
12.000 TL,MerkezAlanlı Mh.,55,1+1,16 Aralık  2025
16.500 TL,KurupelitKörfez Mh.,55,1+1,20 Aralık  2025
17.000 TL,KurupelitKörfez Mh.,65,1+1,16 Aralık  2025
16.500 TL,KurupelitKörfez Mh.,46,1+1,16 Aralık  2025
13.000 TL,KurupelitKörfez Mh.,85,2+1,16 Aralık  2025
16.500 TL,AtakumDenizevleri Mah.,140,3+1,16 Aralık  2025
16.900 TL,KurupelitKörfez Mh.,50,1+1,19 Aralık  2025
16.000 TL,Altınkumİncesu Yalı Mh.,55,1+1,15 Aralık  2025
18.500 TL,AtakentYenimahalle Mah.,55,1+1,16 Aralık  2025
10.000 TL,KurupelitKörfez Mh.,45,1+1,17 Aralık  2025
22.000 TL,AtakentAtakent Mh.,140,3+1,16 Aralık  2025
25.900 TL,AtakentAtakent Mh.,140,3+1,17 Aralık  2025
20.000 TL,KurupelitKörfez Mh.,85,2+1,17 Aralık  2025
25.000 TL,AtakumCumhuriyet Mah.,115,2+1,17 Aralık  2025
19.000 TL,KurupelitKörfez Mh.,85,2+1,19 Aralık  2025
15.000 TL,AtakumBeypınar Mh.,50,1+1,16 Aralık  2025
15.000 TL,AtakumDenizevleri Mah.,100,2+1,16 Aralık  2025
13.000 TL,AtakentYenimahalle Mah.,55,1+1,18 Aralık  2025
20.000 TL,Atakumİstiklal Mh.,58,1+1,16 Aralık  2025
12.500 TL,KurupelitKörfez Mh.,60,1+1,19 Aralık  2025
15.000 TL,KurupelitKörfez Mh.,50,1+1,17 Aralık  2025
12.000 TL,MerkezAlanlı Mh.,55,1+1,16 Aralık  2025
16.500 TL,KurupelitKörfez Mh.,55,1+1,20 Aralık  2025
17.000 TL,KurupelitKörfez Mh.,65,1+1,16 Aralık  2025
16.500 TL,KurupelitKörfez Mh.,46,1+1,16 Aralık  2025
16.500 TL,AtakumDenizevleri Mah.,140,3+1,16 Aralık  2025
16.900 TL,KurupelitKörfez Mh.,50,1+1,19 Aralık  2025
16.000 TL,Altınkumİncesu Yalı Mh.,55,1+1,15 Aralık  2025
18.500 TL,AtakentYenimahalle Mah.,55,1+1,16 Aralık  2025
10.000 TL,KurupelitKörfez Mh.,45,1+1,17 Aralık  2025
22.000 TL,AtakentAtakent Mh.,140,3+1,16 Aralık  2025
25.900 TL,AtakentAtakent Mh.,140,3+1,17 Aralık  2025
20.000 TL,KurupelitKörfez Mh.,85,2+1,17 Aralık  2025
25.000 TL,AtakumCumhuriyet Mah.,115,2+1,17 Aralık  2025
19.000 TL,KurupelitKörfez Mh.,85,2+1,19 Aralık  2025
22.000 TL,KurupelitKörfez Mh.,55,1+1,16 Aralık  2025
15.000 TL,AtakumBeypınar Mh.,50,1+1,16 Aralık  2025
15.000 TL,AtakumDenizevleri Mah.,100,2+1,16 Aralık  2025
13.000 TL,AtakentYenimahalle Mah.,55,1+1,18 Aralık  2025
20.000 TL,Atakumİstiklal Mh.,58,1+1,16 Aralık  2025
12.500 TL,KurupelitKörfez Mh.,60,1+1,19 Aralık  2025
15.000 TL,KurupelitKörfez Mh.,50,1+1,17 Aralık  2025
12.000 TL,MerkezAlanlı Mh.,55,1+1,16 Aralık  2025
16.500 TL,KurupelitKörfez Mh.,55,1+1,20 Aralık  2025
17.000 TL,KurupelitKörfez Mh.,65,1+1,16 Aralık  2025
16.500 TL,KurupelitKörfez Mh.,46,1+1,16 Aralık  2025
16.500 TL,AtakumDenizevleri Mah.,140,3+1,16 Aralık  2025
16.900 TL,KurupelitKörfez Mh.,50,1+1,19 Aralık  2025
16.000 TL,Altınkumİncesu Yalı Mh.,55,1+1,15 Aralık  2025
18.500 TL,AtakentYenimahalle Mah.,55,1+1,16 Aralık  2025
10.000 TL,KurupelitKörfez Mh.,45,1+1,17 Aralık  2025
22.000 TL,AtakentAtakent Mh.,140,3+1,16 Aralık  2025
25.900 TL,AtakentAtakent Mh.,140,3+1,17 Aralık  2025
20.000 TL,KurupelitKörfez Mh.,85,2+1,17 Aralık  2025
25.000 TL,AtakumCumhuriyet Mah.,115,2+1,17 Aralık  2025
19.000 TL,KurupelitKörfez Mh.,85,2+1,19 Aralık  2025
15.000 TL,AtakumBeypınar Mh.,50,1+1,16 Aralık  2025
20.000 TL,AtakumDenizevleri Mah.,140,3+1,16 Aralık  2025
15.000 TL,AtakumDenizevleri Mah.,100,2+1,16 Aralık  2025
13.000 TL,AtakentYenimahalle Mah.,55,1+1,18 Aralık  2025
20.000 TL,Atakumİstiklal Mh.,58,1+1,16 Aralık  2025
12.500 TL,KurupelitKörfez Mh.,60,1+1,19 Aralık  2025
15.000 TL,KurupelitKörfez Mh.,50,1+1,17 Aralık  2025
12.000 TL,MerkezAlanlı Mh.,55,1+1,16 Aralık  2025
16.500 TL,KurupelitKörfez Mh.,55,1+1,20 Aralık  2025
17.000 TL,KurupelitKörfez Mh.,65,1+1,16 Aralık  2025
16.500 TL,KurupelitKörfez Mh.,46,1+1,16 Aralık  2025
16.500 TL,AtakumDenizevleri Mah.,140,3+1,16 Aralık  2025
16.900 TL,KurupelitKörfez Mh.,50,1+1,19 Aralık  2025
16.000 TL,Altınkumİncesu Yalı Mh.,55,1+1,15 Aralık  2025
18.500 TL,AtakentYenimahalle Mah.,55,1+1,16 Aralık  2025
10.000 TL,KurupelitKörfez Mh.,45,1+1,17 Aralık  2025
22.000 TL,AtakentAtakent Mh.,140,3+1,16 Aralık  2025
25.900 TL,AtakentAtakent Mh.,140,3+1,17 Aralık  2025
20.000 TL,KurupelitKörfez Mh.,85,2+1,17 Aralık  2025
25.000 TL,AtakumCumhuriyet Mah.,115,2+1,17 Aralık  2025
19.000 TL,KurupelitKörfez Mh.,85,2+1,19 Aralık  2025
15.000 TL,AtakumBeypınar Mh.,50,1+1,16 Aralık  2025
15.000 TL,AtakumDenizevleri Mah.,100,2+1,16 Aralık  2025
13.000 TL,AtakentYenimahalle Mah.,55,1+1,18 Aralık  2025
20.000 TL,Atakumİstiklal Mh.,58,1+1,16 Aralık  2025
12.500 TL,KurupelitKörfez Mh.,60,1+1,19 Aralık  2025
15.000 TL,KurupelitKörfez Mh.,50,1+1,17 Aralık  2025
12.000 TL,MerkezAlanlı Mh.,55,1+1,16 Aralık  2025
16.500 TL,KurupelitKörfez Mh.,55,1+1,20 Aralık  2025
17.000 TL,KurupelitKörfez Mh.,65,1+1,16 Aralık  2025
16.500 TL,KurupelitKörfez Mh.,46,1+1,16 Aralık  2025
16.500 TL,AtakumDenizevleri Mah.,140,3+1,16 Aralık  2025
16.900 TL,KurupelitKörfez Mh.,50,1+1,19 Aralık  2025
16.000 TL,Altınkumİncesu Yalı Mh.,55,1+1,15 Aralık  2025
18.500 TL,AtakentYenimahalle Mah.,55,1+1,16 Aralık  2025
10.000 TL,KurupelitKörfez Mh.,45,1+1,17 Aralık  2025
22.000 TL,AtakentAtakent Mh.,140,3+1,16 Aralık  2025
25.900 TL,AtakentAtakent Mh.,140,3+1,17 Aralık  2025
20.000 TL,KurupelitKörfez Mh.,85,2+1,17 Aralık  2025
25.000 TL,AtakumCumhuriyet Mah.,115,2+1,17 Aralık  2025
19.000 TL,KurupelitKörfez Mh.,85,2+1,19 Aralık  2025
16.500 TL,MerkezAlanlı Mh.,58,1+1,16 Aralık  2025
15.000 TL,AtakumBeypınar Mh.,50,1+1,16 Aralık  2025
15.000 TL,AtakumDenizevleri Mah.,100,2+1,16 Aralık  2025
13.000 TL,AtakentYenimahalle Mah.,55,1+1,18 Aralık  2025
20.000 TL,Atakumİstiklal Mh.,58,1+1,16 Aralık  2025
12.500 TL,KurupelitKörfez Mh.,60,1+1,19 Aralık  2025
15.000 TL,KurupelitKörfez Mh.,50,1+1,17 Aralık  2025
12.000 TL,MerkezAlanlı Mh.,55,1+1,16 Aralık  2025
16.500 TL,KurupelitKörfez Mh.,55,1+1,20 Aralık  2025
17.000 TL,KurupelitKörfez Mh.,65,1+1,16 Aralık  2025
16.500 TL,KurupelitKörfez Mh.,46,1+1,16 Aralık  2025
16.500 TL,AtakumDenizevleri Mah.,140,3+1,16 Aralık  2025
16.900 TL,KurupelitKörfez Mh.,50,1+1,19 Aralık  2025
16.000 TL,Altınkumİncesu Yalı Mh.,55,1+1,15 Aralık  2025
18.500 TL,AtakentYenimahalle Mah.,55,1+1,16 Aralık  2025
10.000 TL,KurupelitKörfez Mh.,45,1+1,17 Aralık  2025
22.000 TL,AtakentAtakent Mh.,140,3+1,16 Aralık  2025
25.900 TL,AtakentAtakent Mh.,140,3+1,17 Aralık  2025
20.000 TL,KurupelitKörfez Mh.,85,2+1,17 Aralık  2025
25.000 TL,AtakumCumhuriyet Mah.,115,2+1,17 Aralık  2025
25.000 TL,KurupelitKörfez Mh.,140,3+1,20 Aralık  2025
19.000 TL,KurupelitKörfez Mh.,85,2+1,19 Aralık  2025
15.000 TL,AtakumBeypınar Mh.,50,1+1,16 Aralık  2025
15.000 TL,AtakumDenizevleri Mah.,100,2+1,16 Aralık  2025
13.000 TL,AtakentYenimahalle Mah.,55,1+1,18 Aralık  2025
20.000 TL,Atakumİstiklal Mh.,58,1+1,16 Aralık  2025
12.500 TL,KurupelitKörfez Mh.,60,1+1,19 Aralık  2025
15.000 TL,KurupelitKörfez Mh.,50,1+1,17 Aralık  2025
12.000 TL,MerkezAlanlı Mh.,55,1+1,16 Aralık  2025
16.500 TL,KurupelitKörfez Mh.,55,1+1,20 Aralık  2025
17.000 TL,KurupelitKörfez Mh.,65,1+1,16 Aralık  2025
16.500 TL,KurupelitKörfez Mh.,46,1+1,16 Aralık  2025
16.500 TL,AtakumDenizevleri Mah.,140,3+1,16 Aralık  2025
16.900 TL,KurupelitKörfez Mh.,50,1+1,19 Aralık  2025
16.000 TL,Altınkumİncesu Yalı Mh.,55,1+1,15 Aralık  2025
18.500 TL,AtakentYenimahalle Mah.,55,1+1,16 Aralık  2025
10.000 TL,KurupelitKörfez Mh.,45,1+1,17 Aralık  2025
22.000 TL,AtakentAtakent Mh.,140,3+1,16 Aralık  2025
25.900 TL,AtakentAtakent Mh.,140,3+1,17 Aralık  2025
20.000 TL,KurupelitKörfez Mh.,85,2+1,17 Aralık  2025
25.000 TL,AtakumCumhuriyet Mah.,115,2+1,17 Aralık  2025
19.000 TL,KurupelitKörfez Mh.,85,2+1,19 Aralık  2025
15.000 TL,AtakumBeypınar Mh.,50,1+1,16 Aralık  2025
15.000 TL,AtakumDenizevleri Mah.,100,2+1,16 Aralık  2025
13.000 TL,AtakentYenimahalle Mah.,55,1+1,18 Aralık  2025
20.000 TL,Atakumİstiklal Mh.,58,1+1,16 Aralık  2025
12.500 TL,KurupelitKörfez Mh.,60,1+1,19 Aralık  2025
16.000 TL,KurupelitKörfez Mh.,46,1+1,16 Aralık  2025
15.000 TL,KurupelitKörfez Mh.,50,1+1,17 Aralık  2025
12.000 TL,MerkezAlanlı Mh.,55,1+1,16 Aralık  2025
16.500 TL,KurupelitKörfez Mh.,55,1+1,20 Aralık  2025
17.000 TL,KurupelitKörfez Mh.,65,1+1,16 Aralık  2025
16.500 TL,KurupelitKörfez Mh.,46,1+1,16 Aralık  2025
16.500 TL,AtakumDenizevleri Mah.,140,3+1,16 Aralık  2025
16.900 TL,KurupelitKörfez Mh.,50,1+1,19 Aralık  2025
16.000 TL,Altınkumİncesu Yalı Mh.,55,1+1,15 Aralık  2025
18.500 TL,AtakentYenimahalle Mah.,55,1+1,16 Aralık  2025
10.000 TL,KurupelitKörfez Mh.,45,1+1,17 Aralık  2025
22.000 TL,AtakentAtakent Mh.,140,3+1,16 Aralık  2025
25.900 TL,AtakentAtakent Mh.,140,3+1,17 Aralık  2025
20.000 TL,KurupelitKörfez Mh.,85,2+1,17 Aralık  2025
25.000 TL,AtakumCumhuriyet Mah.,115,2+1,17 Aralık  2025
19.000 TL,KurupelitKörfez Mh.,85,2+1,19 Aralık  2025
15.000 TL,AtakumBeypınar Mh.,50,1+1,16 Aralık  2025
15.000 TL,AtakumDenizevleri Mah.,100,2+1,16 Aralık  2025
13.000 TL,AtakentYenimahalle Mah.,55,1+1,18 Aralık  2025
20.000 TL,Atakumİstiklal Mh.,58,1+1,16 Aralık  2025
12.500 TL,KurupelitKörfez Mh.,60,1+1,19 Aralık  2025
15.000 TL,KurupelitKörfez Mh.,50,1+1,17 Aralık  2025
12.000 TL,MerkezAlanlı Mh.,55,1+1,16 Aralık  2025
16.500 TL,KurupelitKörfez Mh.,55,1+1,20 Aralık  2025
17.000 TL,KurupelitKörfez Mh.,65,1+1,16 Aralık  2025
16.500 TL,KurupelitKörfez Mh.,46,1+1,16 Aralık  2025
16.500 TL,AtakumDenizevleri Mah.,140,3+1,16 Aralık  2025
16.900 TL,KurupelitKörfez Mh.,50,1+1,19 Aralık  2025
16.000 TL,Altınkumİncesu Yalı Mh.,55,1+1,15 Aralık  2025
18.500 TL,AtakentYenimahalle Mah.,55,1+1,16 Aralık  2025
10.000 TL,KurupelitKörfez Mh.,45,1+1,17 Aralık  2025
22.000 TL,AtakentAtakent Mh.,140,3+1,16 Aralık  2025
25.900 TL,AtakentAtakent Mh.,140,3+1,17 Aralık  2025
20.000 TL,KurupelitKörfez Mh.,85,2+1,17 Aralık  2025
25.000 TL,AtakumCumhuriyet Mah.,115,2+1,17 Aralık  2025
19.000 TL,KurupelitKörfez Mh.,85,2+1,19 Aralık  2025
15.000 TL,AtakumBeypınar Mh.,50,1+1,16 Aralık  2025
15.000 TL,AtakumDenizevleri Mah.,100,2+1,16 Aralık  2025
13.000 TL,AtakentYenimahalle Mah.,55,1+1,18 Aralık  2025
20.000 TL,Atakumİstiklal Mh.,58,1+1,16 Aralık  2025
12.500 TL,KurupelitKörfez Mh.,60,1+1,19 Aralık  2025
15.000 TL,KurupelitKörfez Mh.,50,1+1,17 Aralık  2025
12.000 TL,MerkezAlanlı Mh.,55,1+1,16 Aralık  2025
16.500 TL,KurupelitKörfez Mh.,55,1+1,20 Aralık  2025
17.000 TL,KurupelitKörfez Mh.,65,1+1,16 Aralık  2025
16.500 TL,KurupelitKörfez Mh.,46,1+1,16 Aralık  2025
16.500 TL,AtakumDenizevleri Mah.,140,3+1,16 Aralık  2025
16.900 TL,KurupelitKörfez Mh.,50,1+1,19 Aralık  2025
16.000 TL,Altınkumİncesu Yalı Mh.,55,1+1,15 Aralık  2025
18.500 TL,AtakentYenimahalle Mah.,55,1+1,16 Aralık  2025
10.000 TL,KurupelitKörfez Mh.,45,1+1,17 Aralık  2025
22.000 TL,AtakentAtakent Mh.,140,3+1,16 Aralık  2025
25.900 TL,AtakentAtakent Mh.,140,3+1,17 Aralık  2025
20.000 TL,KurupelitKörfez Mh.,85,2+1,17 Aralık  2025
25.000 TL,AtakumCumhuriyet Mah.,115,2+1,17 Aralık  2025
19.000 TL,KurupelitKörfez Mh.,85,2+1,19 Aralık  2025
15.000 TL,AtakumBeypınar Mh.,50,1+1,16 Aralık  2025
15.000 TL,AtakumDenizevleri Mah.,100,2+1,16 Aralık  2025
13.000 TL,AtakentYenimahalle Mah.,55,1+1,18 Aralık  2025
20.000 TL,Atakumİstiklal Mh.,58,1+1,16 Aralık  2025
12.500 TL,KurupelitKörfez Mh.,60,1+1,19 Aralık  2025
15.000 TL,KurupelitKörfez Mh.,50,1+1,17 Aralık  2025
16.000 TL,KurupelitKörfez Mh.,140,3+1,16 Aralık  2025
12.000 TL,MerkezAlanlı Mh.,55,1+1,16 Aralık  2025
16.500 TL,KurupelitKörfez Mh.,55,1+1,20 Aralık  2025
17.000 TL,KurupelitKörfez Mh.,65,1+1,16 Aralık  2025
16.500 TL,KurupelitKörfez Mh.,46,1+1,16 Aralık  2025
16.500 TL,AtakumDenizevleri Mah.,140,3+1,16 Aralık  2025
16.900 TL,KurupelitKörfez Mh.,50,1+1,19 Aralık  2025
16.000 TL,Altınkumİncesu Yalı Mh.,55,1+1,15 Aralık  2025
18.500 TL,AtakentYenimahalle Mah.,55,1+1,16 Aralık  2025
10.000 TL,KurupelitKörfez Mh.,45,1+1,17 Aralık  2025
22.000 TL,AtakentAtakent Mh.,140,3+1,16 Aralık  2025
25.900 TL,AtakentAtakent Mh.,140,3+1,17 Aralık  2025
20.000 TL,KurupelitKörfez Mh.,85,2+1,17 Aralık  2025
25.000 TL,AtakumCumhuriyet Mah.,115,2+1,17 Aralık  2025
19.000 TL,KurupelitKörfez Mh.,85,2+1,19 Aralık  2025
15.000 TL,AtakumBeypınar Mh.,50,1+1,16 Aralık  2025
15.000 TL,AtakumDenizevleri Mah.,100,2+1,16 Aralık  2025
13.000 TL,AtakentYenimahalle Mah.,55,1+1,18 Aralık  2025
20.000 TL,Atakumİstiklal Mh.,58,1+1,16 Aralık  2025
12.500 TL,KurupelitKörfez Mh.,60,1+1,19 Aralık  2025
15.000 TL,KurupelitKörfez Mh.,50,1+1,17 Aralık  2025
12.000 TL,MerkezAlanlı Mh.,55,1+1,16 Aralık  2025
15.000 TL,AtakentYenimahalle Mah.,46,1+1,16 Aralık  2025
16.500 TL,KurupelitKörfez Mh.,55,1+1,20 Aralık  2025
17.000 TL,KurupelitKörfez Mh.,65,1+1,16 Aralık  2025
16.500 TL,KurupelitKörfez Mh.,46,1+1,16 Aralık  2025
16.500 TL,AtakumDenizevleri Mah.,140,3+1,16 Aralık  2025
16.900 TL,KurupelitKörfez Mh.,50,1+1,19 Aralık  2025
16.000 TL,Altınkumİncesu Yalı Mh.,55,1+1,15 Aralık  2025
18.500 TL,AtakentYenimahalle Mah.,55,1+1,16 Aralık  2025
10.000 TL,KurupelitKörfez Mh.,45,1+1,17 Aralık  2025
22.000 TL,AtakentAtakent Mh.,140,3+1,16 Aralık  2025
25.900 TL,AtakentAtakent Mh.,140,3+1,17 Aralık  2025
20.000 TL,KurupelitKörfez Mh.,85,2+1,17 Aralık  2025
25.000 TL,AtakumCumhuriyet Mah.,115,2+1,17 Aralık  2025
19.000 TL,KurupelitKörfez Mh.,85,2+1,19 Aralık  2025
15.000 TL,AtakumBeypınar Mh.,50,1+1,16 Aralık  2025
15.000 TL,AtakumDenizevleri Mah.,100,2+1,16 Aralık  2025
13.000 TL,AtakentYenimahalle Mah.,55,1+1,18 Aralık  2025
20.000 TL,Atakumİstiklal Mh.,58,1+1,16 Aralık  2025
12.500 TL,KurupelitKörfez Mh.,60,1+1,19 Aralık  2025
15.000 TL,KurupelitKörfez Mh.,50,1+1,17 Aralık  2025
12.000 TL,MerkezAlanlı Mh.,55,1+1,16 Aralık  2025
16.900 TL,AtakumCumhuriyet Mah.,100,2+1,16 Aralık  2025
16.500 TL,KurupelitKörfez Mh.,55,1+1,20 Aralık  2025
17.000 TL,KurupelitKörfez Mh.,65,1+1,16 Aralık  2025
16.500 TL,KurupelitKörfez Mh.,46,1+1,16 Aralık  2025
16.500 TL,AtakumDenizevleri Mah.,140,3+1,16 Aralık  2025
16.900 TL,KurupelitKörfez Mh.,50,1+1,19 Aralık  2025
16.000 TL,Altınkumİncesu Yalı Mh.,55,1+1,15 Aralık  2025
18.500 TL,AtakentYenimahalle Mah.,55,1+1,16 Aralık  2025
10.000 TL,KurupelitKörfez Mh.,45,1+1,17 Aralık  2025
22.000 TL,AtakentAtakent Mh.,140,3+1,16 Aralık  2025
25.900 TL,AtakentAtakent Mh.,140,3+1,17 Aralık  2025
20.000 TL,KurupelitKörfez Mh.,85,2+1,17 Aralık  2025
25.000 TL,AtakumCumhuriyet Mah.,115,2+1,17 Aralık  2025
19.000 TL,KurupelitKörfez Mh.,85,2+1,19 Aralık  2025
15.000 TL,AtakumBeypınar Mh.,50,1+1,16 Aralık  2025
15.000 TL,AtakumDenizevleri Mah.,100,2+1,16 Aralık  2025
13.000 TL,AtakentYenimahalle Mah.,55,1+1,18 Aralık  2025
20.000 TL,Atakumİstiklal Mh.,58,1+1,16 Aralık  2025
12.500 TL,KurupelitKörfez Mh.,60,1+1,19 Aralık  2025
15.000 TL,KurupelitKörfez Mh.,50,1+1,17 Aralık  2025
19.000 TL,KurupelitKörfez Mh.,50,1+1,16 Aralık  2025
12.000 TL,MerkezAlanlı Mh.,55,1+1,16 Aralık  2025
16.500 TL,KurupelitKörfez Mh.,55,1+1,20 Aralık  2025
17.000 TL,KurupelitKörfez Mh.,65,1+1,16 Aralık  2025
16.500 TL,KurupelitKörfez Mh.,46,1+1,16 Aralık  2025
16.500 TL,AtakumDenizevleri Mah.,140,3+1,16 Aralık  2025
16.900 TL,KurupelitKörfez Mh.,50,1+1,19 Aralık  2025
16.000 TL,Altınkumİncesu Yalı Mh.,55,1+1,15 Aralık  2025
18.500 TL,AtakentYenimahalle Mah.,55,1+1,16 Aralık  2025
10.000 TL,KurupelitKörfez Mh.,45,1+1,17 Aralık  2025
22.000 TL,AtakentAtakent Mh.,140,3+1,16 Aralık  2025
25.900 TL,AtakentAtakent Mh.,140,3+1,17 Aralık  2025
20.000 TL,KurupelitKörfez Mh.,85,2+1,17 Aralık  2025
25.000 TL,AtakumCumhuriyet Mah.,115,2+1,17 Aralık  2025
19.000 TL,KurupelitKörfez Mh.,85,2+1,19 Aralık  2025
15.000 TL,AtakumBeypınar Mh.,50,1+1,16 Aralık  2025
15.000 TL,AtakumDenizevleri Mah.,100,2+1,16 Aralık  2025
13.000 TL,AtakentYenimahalle Mah.,55,1+1,18 Aralık  2025
20.000 TL,Atakumİstiklal Mh.,58,1+1,16 Aralık  2025
12.500 TL,KurupelitKörfez Mh.,60,1+1,19 Aralık  2025
15.000 TL,KurupelitKörfez Mh.,50,1+1,17 Aralık  2025
12.000 TL,MerkezAlanlı Mh.,55,1+1,16 Aralık  2025
16.500 TL,KurupelitKörfez Mh.,55,1+1,20 Aralık  2025
17.000 TL,KurupelitKörfez Mh.,65,1+1,16 Aralık  2025
16.500 TL,KurupelitKörfez Mh.,46,1+1,16 Aralık  2025
16.500 TL,AtakumDenizevleri Mah.,140,3+1,16 Aralık  2025
16.900 TL,KurupelitKörfez Mh.,50,1+1,19 Aralık  2025
16.000 TL,Altınkumİncesu Yalı Mh.,55,1+1,15 Aralık  2025
18.500 TL,AtakentYenimahalle Mah.,55,1+1,16 Aralık  2025
10.000 TL,KurupelitKörfez Mh.,45,1+1,17 Aralık  2025
22.000 TL,AtakentAtakent Mh.,140,3+1,16 Aralık  2025
25.900 TL,AtakentAtakent Mh.,140,3+1,17 Aralık  2025
20.000 TL,KurupelitKörfez Mh.,85,2+1,17 Aralık  2025
25.000 TL,AtakumCumhuriyet Mah.,115,2+1,17 Aralık  2025
19.000 TL,KurupelitKörfez Mh.,85,2+1,19 Aralık  2025
15.000 TL,AtakumBeypınar Mh.,50,1+1,16 Aralık  2025
15.000 TL,AtakumDenizevleri Mah.,100,2+1,16 Aralık  2025
13.000 TL,AtakentYenimahalle Mah.,55,1+1,18 Aralık  2025
20.000 TL,Atakumİstiklal Mh.,58,1+1,16 Aralık  2025
20.000 TL,KurupelitKörfez Mh.,46,1+1,16 Aralık  2025
12.500 TL,KurupelitKörfez Mh.,60,1+1,19 Aralık  2025
15.000 TL,KurupelitKörfez Mh.,50,1+1,17 Aralık  2025
12.000 TL,MerkezAlanlı Mh.,55,1+1,16 Aralık  2025
16.500 TL,KurupelitKörfez Mh.,55,1+1,20 Aralık  2025
17.000 TL,KurupelitKörfez Mh.,65,1+1,16 Aralık  2025
16.500 TL,KurupelitKörfez Mh.,46,1+1,16 Aralık  2025
16.500 TL,AtakumDenizevleri Mah.,140,3+1,16 Aralık  2025
16.900 TL,KurupelitKörfez Mh.,50,1+1,19 Aralık  2025
16.000 TL,Altınkumİncesu Yalı Mh.,55,1+1,15 Aralık  2025
18.500 TL,AtakentYenimahalle Mah.,55,1+1,16 Aralık  2025
10.000 TL,KurupelitKörfez Mh.,45,1+1,17 Aralık  2025
22.000 TL,AtakentAtakent Mh.,140,3+1,16 Aralık  2025
25.900 TL,AtakentAtakent Mh.,140,3+1,17 Aralık  2025
20.000 TL,KurupelitKörfez Mh.,85,2+1,17 Aralık  2025
25.000 TL,AtakumCumhuriyet Mah.,115,2+1,17 Aralık  2025
19.000 TL,KurupelitKörfez Mh.,85,2+1,19 Aralık  2025
15.000 TL,AtakumBeypınar Mh.,50,1+1,16 Aralık  2025
15.000 TL,AtakumDenizevleri Mah.,100,2+1,16 Aralık  2025
13.000 TL,AtakentYenimahalle Mah.,55,1+1,18 Aralık  2025
20.000 TL,Atakumİstiklal Mh.,58,1+1,16 Aralık  2025
12.500 TL,KurupelitKörfez Mh.,60,1+1,19 Aralık  2025
15.000 TL,KurupelitKörfez Mh.,50,1+1,17 Aralık  2025
12.000 TL,MerkezAlanlı Mh.,55,1+1,16 Aralık  2025
16.500 TL,KurupelitKörfez Mh.,55,1+1,20 Aralık  2025
17.000 TL,KurupelitKörfez Mh.,65,1+1,16 Aralık  2025
16.500 TL,KurupelitKörfez Mh.,46,1+1,16 Aralık  2025
16.500 TL,AtakumDenizevleri Mah.,140,3+1,16 Aralık  2025
16.900 TL,KurupelitKörfez Mh.,50,1+1,19 Aralık  2025
16.000 TL,Altınkumİncesu Yalı Mh.,55,1+1,15 Aralık  2025
18.500 TL,AtakentYenimahalle Mah.,55,1+1,16 Aralık  2025
10.000 TL,KurupelitKörfez Mh.,45,1+1,17 Aralık  2025
22.000 TL,AtakentAtakent Mh.,140,3+1,16 Aralık  2025
25.900 TL,AtakentAtakent Mh.,140,3+1,17 Aralık  2025
20.000 TL,KurupelitKörfez Mh.,85,2+1,17 Aralık  2025
25.000 TL,AtakumCumhuriyet Mah.,115,2+1,17 Aralık  2025
19.000 TL,KurupelitKörfez Mh.,85,2+1,19 Aralık  2025
15.000 TL,AtakumBeypınar Mh.,50,1+1,16 Aralık  2025
15.000 TL,AtakumDenizevleri Mah.,100,2+1,16 Aralık  2025
22.000 TL,AtakumBeypınar Mh.,55,1+1,17 Aralık  2025
13.000 TL,AtakentYenimahalle Mah.,55,1+1,18 Aralık  2025
20.000 TL,Atakumİstiklal Mh.,58,1+1,16 Aralık  2025
12.500 TL,KurupelitKörfez Mh.,60,1+1,19 Aralık  2025
15.000 TL,KurupelitKörfez Mh.,50,1+1,17 Aralık  2025
12.000 TL,MerkezAlanlı Mh.,55,1+1,16 Aralık  2025
16.500 TL,KurupelitKörfez Mh.,55,1+1,20 Aralık  2025
17.000 TL,KurupelitKörfez Mh.,65,1+1,16 Aralık  2025
16.500 TL,KurupelitKörfez Mh.,46,1+1,16 Aralık  2025
16.500 TL,AtakumDenizevleri Mah.,140,3+1,16 Aralık  2025
16.900 TL,KurupelitKörfez Mh.,50,1+1,19 Aralık  2025
16.000 TL,Altınkumİncesu Yalı Mh.,55,1+1,15 Aralık  2025
18.500 TL,AtakentYenimahalle Mah.,55,1+1,16 Aralık  2025
10.000 TL,KurupelitKörfez Mh.,45,1+1,17 Aralık  2025
22.000 TL,AtakentAtakent Mh.,140,3+1,16 Aralık  2025
25.900 TL,AtakentAtakent Mh.,140,3+1,17 Aralık  2025
20.000 TL,KurupelitKörfez Mh.,85,2+1,17 Aralık  2025
25.000 TL,AtakumCumhuriyet Mah.,115,2+1,17 Aralık  2025
19.000 TL,KurupelitKörfez Mh.,85,2+1,19 Aralık  2025
15.000 TL,AtakumBeypınar Mh.,50,1+1,16 Aralık  2025
15.000 TL,AtakumDenizevleri Mah.,100,2+1,16 Aralık  2025
13.000 TL,AtakentYenimahalle Mah.,55,1+1,18 Aralık  2025
20.000 TL,Atakumİstiklal Mh.,58,1+1,16 Aralık  2025
12.500 TL,KurupelitKörfez Mh.,60,1+1,19 Aralık  2025
15.000 TL,KurupelitKörfez Mh.,50,1+1,17 Aralık  2025
12.000 TL,MerkezAlanlı Mh.,55,1+1,16 Aralık  2025
16.500 TL,KurupelitKörfez Mh.,55,1+1,20 Aralık  2025
17.000 TL,KurupelitKörfez Mh.,65,1+1,16 Aralık  2025
16.500 TL,KurupelitKörfez Mh.,46,1+1,16 Aralık  2025
16.500 TL,AtakumDenizevleri Mah.,140,3+1,16 Aralık  2025
16.900 TL,KurupelitKörfez Mh.,50,1+1,19 Aralık  2025
16.000 TL,Altınkumİncesu Yalı Mh.,55,1+1,15 Aralık  2025
18.500 TL,AtakentYenimahalle Mah.,55,1+1,16 Aralık  2025
10.000 TL,KurupelitKörfez Mh.,45,1+1,17 Aralık  2025
22.000 TL,AtakentAtakent Mh.,140,3+1,16 Aralık  2025
25.900 TL,AtakentAtakent Mh.,140,3+1,17 Aralık  2025
20.000 TL,KurupelitKörfez Mh.,85,2+1,17 Aralık  2025
25.000 TL,AtakumCumhuriyet Mah.,115,2+1,17 Aralık  2025
19.000 TL,KurupelitKörfez Mh.,85,2+1,19 Aralık  2025
19.000 TL,MerkezAlanlı Mh.,58,1+1,17 Aralık  2025
15.000 TL,AtakumBeypınar Mh.,50,1+1,16 Aralık  2025
15.000 TL,AtakumDenizevleri Mah.,100,2+1,16 Aralık  2025
13.000 TL,AtakentYenimahalle Mah.,55,1+1,18 Aralık  2025
20.000 TL,Atakumİstiklal Mh.,58,1+1,16 Aralık  2025
12.500 TL,KurupelitKörfez Mh.,60,1+1,19 Aralık  2025
15.000 TL,KurupelitKörfez Mh.,50,1+1,17 Aralık  2025
12.000 TL,MerkezAlanlı Mh.,55,1+1,16 Aralık  2025
16.500 TL,KurupelitKörfez Mh.,55,1+1,20 Aralık  2025
17.000 TL,KurupelitKörfez Mh.,65,1+1,16 Aralık  2025
16.500 TL,KurupelitKörfez Mh.,46,1+1,16 Aralık  2025
16.500 TL,AtakumDenizevleri Mah.,140,3+1,16 Aralık  2025
16.900 TL,KurupelitKörfez Mh.,50,1+1,19 Aralık  2025
16.000 TL,Altınkumİncesu Yalı Mh.,55,1+1,15 Aralık  2025
18.500 TL,AtakentYenimahalle Mah.,55,1+1,16 Aralık  2025
10.000 TL,KurupelitKörfez Mh.,45,1+1,17 Aralık  2025
16.500 TL,AtakumCumhuriyet Mah.,100,2+1,16 Aralık  2025
22.000 TL,AtakentAtakent Mh.,140,3+1,16 Aralık  2025
25.900 TL,AtakentAtakent Mh.,140,3+1,17 Aralık  2025
20.000 TL,KurupelitKörfez Mh.,85,2+1,17 Aralık  2025
25.000 TL,AtakumCumhuriyet Mah.,115,2+1,17 Aralık  2025
19.000 TL,KurupelitKörfez Mh.,85,2+1,19 Aralık  2025
15.000 TL,AtakumBeypınar Mh.,50,1+1,16 Aralık  2025
15.000 TL,AtakumDenizevleri Mah.,100,2+1,16 Aralık  2025
13.000 TL,AtakentYenimahalle Mah.,55,1+1,18 Aralık  2025
20.000 TL,Atakumİstiklal Mh.,58,1+1,16 Aralık  2025
12.500 TL,KurupelitKörfez Mh.,60,1+1,19 Aralık  2025
15.000 TL,KurupelitKörfez Mh.,50,1+1,17 Aralık  2025
12.000 TL,MerkezAlanlı Mh.,55,1+1,16 Aralık  2025
16.500 TL,KurupelitKörfez Mh.,55,1+1,20 Aralık  2025
17.000 TL,KurupelitKörfez Mh.,65,1+1,16 Aralık  2025
16.500 TL,KurupelitKörfez Mh.,46,1+1,16 Aralık  2025
16.500 TL,AtakumDenizevleri Mah.,140,3+1,16 Aralık  2025
16.900 TL,KurupelitKörfez Mh.,50,1+1,19 Aralık  2025
16.000 TL,Altınkumİncesu Yalı Mh.,55,1+1,15 Aralık  2025
18.500 TL,AtakentYenimahalle Mah.,55,1+1,16 Aralık  2025
10.000 TL,KurupelitKörfez Mh.,45,1+1,17 Aralık  2025
22.000 TL,AtakentAtakent Mh.,140,3+1,16 Aralık  2025
25.900 TL,AtakentAtakent Mh.,140,3+1,17 Aralık  2025
25.900 TL,AtakentAtakent Mh.,50,1+1,19 Aralık  2025
20.000 TL,KurupelitKörfez Mh.,85,2+1,17 Aralık  2025
25.000 TL,AtakumCumhuriyet Mah.,115,2+1,17 Aralık  2025
19.000 TL,KurupelitKörfez Mh.,85,2+1,19 Aralık  2025
15.000 TL,AtakumBeypınar Mh.,50,1+1,16 Aralık  2025
15.000 TL,AtakumDenizevleri Mah.,100,2+1,16 Aralık  2025
13.000 TL,AtakentYenimahalle Mah.,55,1+1,18 Aralık  2025
20.000 TL,Atakumİstiklal Mh.,58,1+1,16 Aralık  2025
12.500 TL,KurupelitKörfez Mh.,60,1+1,19 Aralık  2025
15.000 TL,KurupelitKörfez Mh.,50,1+1,17 Aralık  2025
12.000 TL,MerkezAlanlı Mh.,55,1+1,16 Aralık  2025
16.500 TL,KurupelitKörfez Mh.,55,1+1,20 Aralık  2025
17.000 TL,KurupelitKörfez Mh.,65,1+1,16 Aralık  2025
16.500 TL,KurupelitKörfez Mh.,46,1+1,16 Aralık  2025
16.500 TL,AtakumDenizevleri Mah.,140,3+1,16 Aralık  2025
16.900 TL,KurupelitKörfez Mh.,50,1+1,19 Aralık  2025
16.000 TL,Altınkumİncesu Yalı Mh.,55,1+1,15 Aralık  2025
18.500 TL,AtakentYenimahalle Mah.,55,1+1,16 Aralık  2025
10.000 TL,KurupelitKörfez Mh.,45,1+1,17 Aralık  2025
22.000 TL,AtakentAtakent Mh.,140,3+1,16 Aralık  2025
25.900 TL,AtakentAtakent Mh.,140,3+1,17 Aralık  2025
20.000 TL,KurupelitKörfez Mh.,85,2+1,17 Aralık  2025
25.000 TL,AtakumCumhuriyet Mah.,115,2+1,17 Aralık  2025
19.000 TL,KurupelitKörfez Mh.,85,2+1,19 Aralık  2025
15.000 TL,AtakumBeypınar Mh.,50,1+1,16 Aralık  2025
15.000 TL,AtakumDenizevleri Mah.,100,2+1,16 Aralık  2025
13.000 TL,AtakentYenimahalle Mah.,55,1+1,18 Aralık  2025
20.000 TL,Atakumİstiklal Mh.,58,1+1,16 Aralık  2025
12.500 TL,KurupelitKörfez Mh.,60,1+1,19 Aralık  2025
15.000 TL,KurupelitKörfez Mh.,50,1+1,17 Aralık  2025
12.000 TL,MerkezAlanlı Mh.,55,1+1,16 Aralık  2025
16.500 TL,KurupelitKörfez Mh.,55,1+1,20 Aralık  2025
17.000 TL,KurupelitKörfez Mh.,65,1+1,16 Aralık  2025
16.500 TL,KurupelitKörfez Mh.,46,1+1,16 Aralık  2025
16.500 TL,AtakumDenizevleri Mah.,140,3+1,16 Aralık  2025
16.900 TL,KurupelitKörfez Mh.,50,1+1,19 Aralık  2025
16.000 TL,Altınkumİncesu Yalı Mh.,55,1+1,15 Aralık  2025
18.500 TL,AtakentYenimahalle Mah.,55,1+1,16 Aralık  2025
10.000 TL,KurupelitKörfez Mh.,45,1+1,17 Aralık  2025
22.000 TL,AtakentAtakent Mh.,140,3+1,16 Aralık  2025
25.900 TL,AtakentAtakent Mh.,140,3+1,17 Aralık  2025
20.000 TL,KurupelitKörfez Mh.,85,2+1,17 Aralık  2025
25.000 TL,AtakumCumhuriyet Mah.,115,2+1,17 Aralık  2025
19.000 TL,KurupelitKörfez Mh.,85,2+1,19 Aralık  2025
15.000 TL,AtakumBeypınar Mh.,50,1+1,16 Aralık  2025
15.000 TL,AtakumDenizevleri Mah.,100,2+1,16 Aralık  2025
13.000 TL,AtakentYenimahalle Mah.,55,1+1,18 Aralık  2025
20.000 TL,Atakumİstiklal Mh.,58,1+1,16 Aralık  2025
12.500 TL,KurupelitKörfez Mh.,60,1+1,19 Aralık  2025
15.000 TL,KurupelitKörfez Mh.,50,1+1,17 Aralık  2025
12.000 TL,MerkezAlanlı Mh.,55,1+1,16 Aralık  2025
16.500 TL,KurupelitKörfez Mh.,55,1+1,20 Aralık  2025
17.000 TL,KurupelitKörfez Mh.,65,1+1,16 Aralık  2025
16.500 TL,KurupelitKörfez Mh.,46,1+1,16 Aralık  2025
16.500 TL,AtakumDenizevleri Mah.,140,3+1,16 Aralık  2025
16.900 TL,KurupelitKörfez Mh.,50,1+1,19 Aralık  2025
16.000 TL,Altınkumİncesu Yalı Mh.,55,1+1,15 Aralık  2025
18.500 TL,AtakentYenimahalle Mah.,55,1+1,16 Aralık  2025
10.000 TL,KurupelitKörfez Mh.,45,1+1,17 Aralık  2025
22.000 TL,AtakentAtakent Mh.,140,3+1,16 Aralık  2025
25.900 TL,AtakentAtakent Mh.,140,3+1,17 Aralık  2025
20.000 TL,KurupelitKörfez Mh.,85,2+1,17 Aralık  2025
25.000 TL,AtakumCumhuriyet Mah.,115,2+1,17 Aralık  2025
19.000 TL,KurupelitKörfez Mh.,85,2+1,19 Aralık  2025
15.000 TL,AtakumBeypınar Mh.,50,1+1,16 Aralık  2025
15.000 TL,AtakumDenizevleri Mah.,100,2+1,16 Aralık  2025
16.500 TL,AtakentYenimahalle Mah.,55,1+1,16 Aralık  2025
13.000 TL,AtakentYenimahalle Mah.,55,1+1,18 Aralık  2025
20.000 TL,Atakumİstiklal Mh.,58,1+1,16 Aralık  2025
12.500 TL,KurupelitKörfez Mh.,60,1+1,19 Aralık  2025
15.000 TL,KurupelitKörfez Mh.,50,1+1,17 Aralık  2025
12.000 TL,MerkezAlanlı Mh.,55,1+1,16 Aralık  2025
16.500 TL,KurupelitKörfez Mh.,55,1+1,20 Aralık  2025
17.000 TL,KurupelitKörfez Mh.,65,1+1,16 Aralık  2025
16.500 TL,KurupelitKörfez Mh.,46,1+1,16 Aralık  2025
16.500 TL,AtakumDenizevleri Mah.,140,3+1,16 Aralık  2025
16.900 TL,KurupelitKörfez Mh.,50,1+1,19 Aralık  2025
16.000 TL,Altınkumİncesu Yalı Mh.,55,1+1,15 Aralık  2025
18.500 TL,AtakentYenimahalle Mah.,55,1+1,16 Aralık  2025
10.000 TL,KurupelitKörfez Mh.,45,1+1,17 Aralık  2025
22.000 TL,AtakentAtakent Mh.,140,3+1,16 Aralık  2025
25.900 TL,AtakentAtakent Mh.,140,3+1,17 Aralık  2025
20.000 TL,KurupelitKörfez Mh.,85,2+1,17 Aralık  2025
25.000 TL,AtakumCumhuriyet Mah.,115,2+1,17 Aralık  2025
19.000 TL,KurupelitKörfez Mh.,85,2+1,19 Aralık  2025
15.000 TL,AtakumBeypınar Mh.,50,1+1,16 Aralık  2025
15.000 TL,AtakumDenizevleri Mah.,100,2+1,16 Aralık  2025
13.000 TL,AtakentYenimahalle Mah.,55,1+1,18 Aralık  2025
20.000 TL,Atakumİstiklal Mh.,58,1+1,16 Aralık  2025
12.500 TL,KurupelitKörfez Mh.,60,1+1,19 Aralık  2025
15.000 TL,KurupelitKörfez Mh.,50,1+1,17 Aralık  2025
12.000 TL,MerkezAlanlı Mh.,55,1+1,16 Aralık  2025
16.500 TL,KurupelitKörfez Mh.,55,1+1,20 Aralık  2025
17.000 TL,KurupelitKörfez Mh.,65,1+1,16 Aralık  2025
16.500 TL,KurupelitKörfez Mh.,46,1+1,16 Aralık  2025
16.500 TL,AtakumDenizevleri Mah.,140,3+1,16 Aralık  2025
16.900 TL,KurupelitKörfez Mh.,50,1+1,19 Aralık  2025
16.000 TL,Altınkumİncesu Yalı Mh.,55,1+1,15 Aralık  2025
18.500 TL,AtakentYenimahalle Mah.,55,1+1,16 Aralık  2025
10.000 TL,KurupelitKörfez Mh.,45,1+1,17 Aralık  2025
22.000 TL,AtakentAtakent Mh.,140,3+1,16 Aralık  2025
25.900 TL,AtakentAtakent Mh.,140,3+1,17 Aralık  2025
20.000 TL,KurupelitKörfez Mh.,85,2+1,17 Aralık  2025
25.000 TL,AtakumCumhuriyet Mah.,115,2+1,17 Aralık  2025
19.000 TL,KurupelitKörfez Mh.,85,2+1,19 Aralık  2025
15.000 TL,AtakumBeypınar Mh.,50,1+1,16 Aralık  2025
15.000 TL,AtakumDenizevleri Mah.,100,2+1,16 Aralık  2025
13.000 TL,AtakentYenimahalle Mah.,55,1+1,18 Aralık  2025
20.000 TL,Atakumİstiklal Mh.,58,1+1,16 Aralık  2025
12.500 TL,KurupelitKörfez Mh.,60,1+1,19 Aralık  2025
15.000 TL,KurupelitKörfez Mh.,50,1+1,17 Aralık  2025
12.000 TL,MerkezAlanlı Mh.,55,1+1,16 Aralık  2025
16.500 TL,KurupelitKörfez Mh.,55,1+1,20 Aralık  2025
17.000 TL,KurupelitKörfez Mh.,65,1+1,16 Aralık  2025
16.500 TL,KurupelitKörfez Mh.,46,1+1,16 Aralık  2025
16.500 TL,AtakumDenizevleri Mah.,140,3+1,16 Aralık  2025
16.900 TL,KurupelitKörfez Mh.,50,1+1,19 Aralık  2025
16.000 TL,Altınkumİncesu Yalı Mh.,55,1+1,15 Aralık  2025
18.500 TL,AtakentYenimahalle Mah.,55,1+1,16 Aralık  2025
10.000 TL,KurupelitKörfez Mh.,45,1+1,17 Aralık  2025
22.000 TL,AtakentAtakent Mh.,140,3+1,16 Aralık  2025
25.900 TL,AtakentAtakent Mh.,140,3+1,17 Aralık  2025
20.000 TL,KurupelitKörfez Mh.,85,2+1,17 Aralık  2025
25.000 TL,AtakumCumhuriyet Mah.,115,2+1,17 Aralık  2025
19.000 TL,KurupelitKörfez Mh.,85,2+1,19 Aralık  2025
19.000 TL,KurupelitKörfez Mh.,50,1+1,19 Aralık  2025
15.000 TL,AtakumBeypınar Mh.,50,1+1,16 Aralık  2025
15.000 TL,AtakumDenizevleri Mah.,100,2+1,16 Aralık  2025
13.000 TL,AtakentYenimahalle Mah.,55,1+1,18 Aralık  2025
20.000 TL,Atakumİstiklal Mh.,58,1+1,16 Aralık  2025
12.500 TL,KurupelitKörfez Mh.,60,1+1,19 Aralık  2025
15.000 TL,KurupelitKörfez Mh.,50,1+1,17 Aralık  2025
12.000 TL,MerkezAlanlı Mh.,55,1+1,16 Aralık  2025
16.500 TL,KurupelitKörfez Mh.,55,1+1,20 Aralık  2025
17.000 TL,KurupelitKörfez Mh.,65,1+1,16 Aralık  2025
16.500 TL,KurupelitKörfez Mh.,46,1+1,16 Aralık  2025
16.500 TL,AtakumDenizevleri Mah.,140,3+1,16 Aralık  2025
16.900 TL,KurupelitKörfez Mh.,50,1+1,19 Aralık  2025
16.000 TL,Altınkumİncesu Yalı Mh.,55,1+1,15 Aralık  2025
18.500 TL,AtakentYenimahalle Mah.,55,1+1,16 Aralık  2025
10.000 TL,KurupelitKörfez Mh.,45,1+1,17 Aralık  2025
22.000 TL,AtakentAtakent Mh.,140,3+1,16 Aralık  2025
25.900 TL,AtakentAtakent Mh.,140,3+1,17 Aralık  2025
20.000 TL,KurupelitKörfez Mh.,85,2+1,17 Aralık  2025
25.000 TL,AtakumCumhuriyet Mah.,115,2+1,17 Aralık  2025
19.000 TL,KurupelitKörfez Mh.,85,2+1,19 Aralık  2025
15.000 TL,AtakumBeypınar Mh.,50,1+1,16 Aralık  2025
15.000 TL,AtakumDenizevleri Mah.,100,2+1,16 Aralık  2025
13.000 TL,AtakentYenimahalle Mah.,55,1+1,18 Aralık  2025
20.000 TL,Atakumİstiklal Mh.,58,1+1,16 Aralık  2025
12.500 TL,KurupelitKörfez Mh.,60,1+1,19 Aralık  2025
15.000 TL,KurupelitKörfez Mh.,50,1+1,17 Aralık  2025
12.000 TL,MerkezAlanlı Mh.,55,1+1,16 Aralık  2025
16.900 TL,AtakumDenizevleri Mah.,115,2+1,16 Aralık  2025
16.500 TL,KurupelitKörfez Mh.,55,1+1,20 Aralık  2025
17.000 TL,KurupelitKörfez Mh.,65,1+1,16 Aralık  2025
16.500 TL,KurupelitKörfez Mh.,46,1+1,16 Aralık  2025
16.500 TL,AtakumDenizevleri Mah.,140,3+1,16 Aralık  2025
16.900 TL,KurupelitKörfez Mh.,50,1+1,19 Aralık  2025
16.000 TL,Altınkumİncesu Yalı Mh.,55,1+1,15 Aralık  2025
18.500 TL,AtakentYenimahalle Mah.,55,1+1,16 Aralık  2025
10.000 TL,KurupelitKörfez Mh.,45,1+1,17 Aralık  2025
22.000 TL,AtakentAtakent Mh.,140,3+1,16 Aralık  2025
25.900 TL,AtakentAtakent Mh.,140,3+1,17 Aralık  2025
20.000 TL,KurupelitKörfez Mh.,85,2+1,17 Aralık  2025
25.000 TL,AtakumCumhuriyet Mah.,115,2+1,17 Aralık  2025
19.000 TL,KurupelitKörfez Mh.,85,2+1,19 Aralık  2025
15.000 TL,AtakumBeypınar Mh.,50,1+1,16 Aralık  2025
15.000 TL,AtakumDenizevleri Mah.,100,2+1,16 Aralık  2025
13.000 TL,AtakentYenimahalle Mah.,55,1+1,18 Aralık  2025
20.000 TL,Atakumİstiklal Mh.,58,1+1,16 Aralık  2025
12.500 TL,KurupelitKörfez Mh.,60,1+1,19 Aralık  2025
15.000 TL,KurupelitKörfez Mh.,50,1+1,17 Aralık  2025
12.000 TL,MerkezAlanlı Mh.,55,1+1,16 Aralık  2025
16.500 TL,KurupelitKörfez Mh.,55,1+1,20 Aralık  2025
17.000 TL,KurupelitKörfez Mh.,65,1+1,16 Aralık  2025
16.500 TL,KurupelitKörfez Mh.,46,1+1,16 Aralık  2025
16.500 TL,AtakumDenizevleri Mah.,140,3+1,16 Aralık  2025
16.900 TL,KurupelitKörfez Mh.,50,1+1,19 Aralık  2025
16.000 TL,Altınkumİncesu Yalı Mh.,55,1+1,15 Aralık  2025
18.500 TL,AtakentYenimahalle Mah.,55,1+1,16 Aralık  2025
10.000 TL,KurupelitKörfez Mh.,45,1+1,17 Aralık  2025
22.000 TL,AtakentAtakent Mh.,140,3+1,16 Aralık  2025
13.000 TL,AtakentYenimahalle Mah.,46,1+1,16 Aralık  2025
25.900 TL,AtakentAtakent Mh.,140,3+1,17 Aralık  2025
20.000 TL,KurupelitKörfez Mh.,85,2+1,17 Aralık  2025
25.000 TL,AtakumCumhuriyet Mah.,115,2+1,17 Aralık  2025
19.000 TL,KurupelitKörfez Mh.,85,2+1,19 Aralık  2025
15.000 TL,AtakumBeypınar Mh.,50,1+1,16 Aralık  2025
15.000 TL,AtakumDenizevleri Mah.,100,2+1,16 Aralık  2025
13.000 TL,AtakentYenimahalle Mah.,55,1+1,18 Aralık  2025
20.000 TL,Atakumİstiklal Mh.,58,1+1,16 Aralık  2025
12.500 TL,KurupelitKörfez Mh.,60,1+1,19 Aralık  2025
15.000 TL,KurupelitKörfez Mh.,50,1+1,17 Aralık  2025
12.000 TL,MerkezAlanlı Mh.,55,1+1,16 Aralık  2025
16.500 TL,KurupelitKörfez Mh.,55,1+1,20 Aralık  2025
17.000 TL,KurupelitKörfez Mh.,65,1+1,16 Aralık  2025
16.500 TL,KurupelitKörfez Mh.,46,1+1,16 Aralık  2025
16.500 TL,AtakumDenizevleri Mah.,140,3+1,16 Aralık  2025
16.900 TL,KurupelitKörfez Mh.,50,1+1,19 Aralık  2025
16.000 TL,Altınkumİncesu Yalı Mh.,55,1+1,15 Aralık  2025
18.500 TL,AtakentYenimahalle Mah.,55,1+1,16 Aralık  2025
10.000 TL,KurupelitKörfez Mh.,45,1+1,17 Aralık  2025
22.000 TL,AtakentAtakent Mh.,140,3+1,16 Aralık  2025
25.900 TL,AtakentAtakent Mh.,140,3+1,17 Aralık  2025
20.000 TL,KurupelitKörfez Mh.,85,2+1,17 Aralık  2025
25.000 TL,AtakumCumhuriyet Mah.,115,2+1,17 Aralık  2025
19.000 TL,KurupelitKörfez Mh.,85,2+1,19 Aralık  2025
15.000 TL,AtakumBeypınar Mh.,50,1+1,16 Aralık  2025
15.000 TL,AtakumDenizevleri Mah.,100,2+1,16 Aralık  2025
13.000 TL,AtakentYenimahalle Mah.,55,1+1,18 Aralık  2025
20.000 TL,Atakumİstiklal Mh.,58,1+1,16 Aralık  2025
12.500 TL,KurupelitKörfez Mh.,60,1+1,19 Aralık  2025
15.000 TL,KurupelitKörfez Mh.,50,1+1,17 Aralık  2025
12.000 TL,MerkezAlanlı Mh.,55,1+1,16 Aralık  2025
16.500 TL,KurupelitKörfez Mh.,55,1+1,20 Aralık  2025
17.000 TL,KurupelitKörfez Mh.,65,1+1,16 Aralık  2025
16.500 TL,KurupelitKörfez Mh.,46,1+1,16 Aralık  2025
16.500 TL,AtakumDenizevleri Mah.,140,3+1,16 Aralık  2025
16.900 TL,KurupelitKörfez Mh.,50,1+1,19 Aralık  2025
16.000 TL,Altınkumİncesu Yalı Mh.,55,1+1,15 Aralık  2025
18.500 TL,AtakentYenimahalle Mah.,55,1+1,16 Aralık  2025
10.000 TL,KurupelitKörfez Mh.,45,1+1,17 Aralık  2025
22.000 TL,AtakentAtakent Mh.,140,3+1,16 Aralık  2025
25.900 TL,AtakentAtakent Mh.,140,3+1,17 Aralık  2025
20.000 TL,KurupelitKörfez Mh.,85,2+1,17 Aralık  2025
25.000 TL,AtakumCumhuriyet Mah.,115,2+1,17 Aralık  2025
19.000 TL,KurupelitKörfez Mh.,85,2+1,19 Aralık  2025
15.000 TL,AtakumBeypınar Mh.,50,1+1,16 Aralık  2025
15.000 TL,AtakumDenizevleri Mah.,100,2+1,16 Aralık  2025
13.000 TL,AtakentYenimahalle Mah.,55,1+1,18 Aralık  2025
20.000 TL,Atakumİstiklal Mh.,58,1+1,16 Aralık  2025
12.500 TL,KurupelitKörfez Mh.,60,1+1,19 Aralık  2025
15.000 TL,KurupelitKörfez Mh.,50,1+1,17 Aralık  2025
12.000 TL,MerkezAlanlı Mh.,55,1+1,16 Aralık  2025
16.500 TL,KurupelitKörfez Mh.,55,1+1,20 Aralık  2025
17.000 TL,KurupelitKörfez Mh.,65,1+1,16 Aralık  2025
16.500 TL,KurupelitKörfez Mh.,46,1+1,16 Aralık  2025
16.500 TL,AtakumDenizevleri Mah.,140,3+1,16 Aralık  2025
16.900 TL,KurupelitKörfez Mh.,50,1+1,19 Aralık  2025
16.000 TL,Altınkumİncesu Yalı Mh.,55,1+1,15 Aralık  2025
18.500 TL,AtakentYenimahalle Mah.,55,1+1,16 Aralık  2025
10.000 TL,KurupelitKörfez Mh.,45,1+1,17 Aralık  2025
22.000 TL,AtakentAtakent Mh.,140,3+1,16 Aralık  2025
25.900 TL,AtakentAtakent Mh.,140,3+1,17 Aralık  2025
20.000 TL,KurupelitKörfez Mh.,85,2+1,17 Aralık  2025
25.000 TL,AtakumCumhuriyet Mah.,115,2+1,17 Aralık  2025
19.000 TL,KurupelitKörfez Mh.,85,2+1,19 Aralık  2025
15.000 TL,AtakumBeypınar Mh.,50,1+1,16 Aralık  2025
15.000 TL,AtakumDenizevleri Mah.,100,2+1,16 Aralık  2025
13.000 TL,AtakentYenimahalle Mah.,55,1+1,18 Aralık  2025
20.000 TL,Atakumİstiklal Mh.,58,1+1,16 Aralık  2025
15.000 TL,KurupelitKörfez Mh.,55,1+1,20 Aralık  2025
12.500 TL,KurupelitKörfez Mh.,60,1+1,19 Aralık  2025
15.000 TL,KurupelitKörfez Mh.,50,1+1,17 Aralık  2025
12.000 TL,MerkezAlanlı Mh.,55,1+1,16 Aralık  2025
16.500 TL,KurupelitKörfez Mh.,55,1+1,20 Aralık  2025
17.000 TL,KurupelitKörfez Mh.,65,1+1,16 Aralık  2025
16.500 TL,KurupelitKörfez Mh.,46,1+1,16 Aralık  2025
16.500 TL,AtakumDenizevleri Mah.,140,3+1,16 Aralık  2025
16.900 TL,KurupelitKörfez Mh.,50,1+1,19 Aralık  2025
16.000 TL,Altınkumİncesu Yalı Mh.,55,1+1,15 Aralık  2025
18.500 TL,AtakentYenimahalle Mah.,55,1+1,16 Aralık  2025
10.000 TL,KurupelitKörfez Mh.,45,1+1,17 Aralık  2025
22.000 TL,AtakentAtakent Mh.,140,3+1,16 Aralık  2025
25.900 TL,AtakentAtakent Mh.,140,3+1,17 Aralık  2025
20.000 TL,KurupelitKörfez Mh.,85,2+1,17 Aralık  2025
25.000 TL,AtakumCumhuriyet Mah.,115,2+1,17 Aralık  2025
19.000 TL,KurupelitKörfez Mh.,85,2+1,19 Aralık  2025
15.000 TL,AtakumBeypınar Mh.,50,1+1,16 Aralık  2025
15.000 TL,AtakumDenizevleri Mah.,100,2+1,16 Aralık  2025
13.000 TL,AtakentYenimahalle Mah.,55,1+1,18 Aralık  2025
20.000 TL,Atakumİstiklal Mh.,58,1+1,16 Aralık  2025
12.500 TL,KurupelitKörfez Mh.,60,1+1,19 Aralık  2025
15.000 TL,KurupelitKörfez Mh.,50,1+1,17 Aralık  2025
12.000 TL,MerkezAlanlı Mh.,55,1+1,16 Aralık  2025
19.000 TL,AtakumDenizevleri Mah.,55,1+1,17 Aralık  2025
16.500 TL,KurupelitKörfez Mh.,55,1+1,20 Aralık  2025
17.000 TL,KurupelitKörfez Mh.,65,1+1,16 Aralık  2025
16.500 TL,KurupelitKörfez Mh.,46,1+1,16 Aralık  2025
16.500 TL,AtakumDenizevleri Mah.,140,3+1,16 Aralık  2025
16.900 TL,KurupelitKörfez Mh.,50,1+1,19 Aralık  2025
16.000 TL,Altınkumİncesu Yalı Mh.,55,1+1,15 Aralık  2025
18.500 TL,AtakentYenimahalle Mah.,55,1+1,16 Aralık  2025
10.000 TL,KurupelitKörfez Mh.,45,1+1,17 Aralık  2025
22.000 TL,AtakentAtakent Mh.,140,3+1,16 Aralık  2025
25.900 TL,AtakentAtakent Mh.,140,3+1,17 Aralık  2025
20.000 TL,KurupelitKörfez Mh.,85,2+1,17 Aralık  2025
25.000 TL,AtakumCumhuriyet Mah.,115,2+1,17 Aralık  2025
19.000 TL,KurupelitKörfez Mh.,85,2+1,19 Aralık  2025
15.000 TL,AtakumBeypınar Mh.,50,1+1,16 Aralık  2025
15.000 TL,AtakumDenizevleri Mah.,100,2+1,16 Aralık  2025
15.000 TL,KurupelitKörfez Mh.,55,1+1,17 Aralık  2025
13.000 TL,AtakentYenimahalle Mah.,55,1+1,18 Aralık  2025
20.000 TL,Atakumİstiklal Mh.,58,1+1,16 Aralık  2025
12.500 TL,KurupelitKörfez Mh.,60,1+1,19 Aralık  2025
15.000 TL,KurupelitKörfez Mh.,50,1+1,17 Aralık  2025
12.000 TL,MerkezAlanlı Mh.,55,1+1,16 Aralık  2025
16.500 TL,KurupelitKörfez Mh.,55,1+1,20 Aralık  2025
17.000 TL,KurupelitKörfez Mh.,65,1+1,16 Aralık  2025
16.500 TL,KurupelitKörfez Mh.,46,1+1,16 Aralık  2025
16.500 TL,AtakumDenizevleri Mah.,140,3+1,16 Aralık  2025
16.900 TL,KurupelitKörfez Mh.,50,1+1,19 Aralık  2025
16.000 TL,Altınkumİncesu Yalı Mh.,55,1+1,15 Aralık  2025
18.500 TL,AtakentYenimahalle Mah.,55,1+1,16 Aralık  2025
10.000 TL,KurupelitKörfez Mh.,45,1+1,17 Aralık  2025
22.000 TL,AtakentAtakent Mh.,140,3+1,16 Aralık  2025
25.900 TL,AtakentAtakent Mh.,140,3+1,17 Aralık  2025
20.000 TL,KurupelitKörfez Mh.,85,2+1,17 Aralık  2025
25.000 TL,AtakumCumhuriyet Mah.,115,2+1,17 Aralık  2025
19.000 TL,KurupelitKörfez Mh.,85,2+1,19 Aralık  2025
15.000 TL,AtakumBeypınar Mh.,50,1+1,16 Aralık  2025
15.000 TL,AtakumDenizevleri Mah.,100,2+1,16 Aralık  2025
13.000 TL,AtakentYenimahalle Mah.,55,1+1,18 Aralık  2025
20.000 TL,Atakumİstiklal Mh.,58,1+1,16 Aralık  2025
12.500 TL,KurupelitKörfez Mh.,60,1+1,19 Aralık  2025
15.000 TL,KurupelitKörfez Mh.,50,1+1,17 Aralık  2025
12.000 TL,MerkezAlanlı Mh.,55,1+1,16 Aralık  2025
16.500 TL,KurupelitKörfez Mh.,55,1+1,20 Aralık  2025
17.000 TL,KurupelitKörfez Mh.,65,1+1,16 Aralık  2025
16.500 TL,KurupelitKörfez Mh.,46,1+1,16 Aralık  2025
16.500 TL,KurupelitKörfez Mh.,65,1+1,16 Aralık  2025
16.500 TL,AtakumDenizevleri Mah.,140,3+1,16 Aralık  2025
16.900 TL,KurupelitKörfez Mh.,50,1+1,19 Aralık  2025
16.000 TL,Altınkumİncesu Yalı Mh.,55,1+1,15 Aralık  2025
18.500 TL,AtakentYenimahalle Mah.,55,1+1,16 Aralık  2025
10.000 TL,KurupelitKörfez Mh.,45,1+1,17 Aralık  2025
22.000 TL,AtakentAtakent Mh.,140,3+1,16 Aralık  2025
25.900 TL,AtakentAtakent Mh.,140,3+1,17 Aralık  2025
20.000 TL,KurupelitKörfez Mh.,85,2+1,17 Aralık  2025
25.000 TL,AtakumCumhuriyet Mah.,115,2+1,17 Aralık  2025
19.000 TL,KurupelitKörfez Mh.,85,2+1,19 Aralık  2025
22.000 TL,KurupelitKörfez Mh.,55,1+1,16 Aralık  2025
15.000 TL,AtakumBeypınar Mh.,50,1+1,16 Aralık  2025
15.000 TL,AtakumDenizevleri Mah.,100,2+1,16 Aralık  2025
13.000 TL,AtakentYenimahalle Mah.,55,1+1,18 Aralık  2025
20.000 TL,Atakumİstiklal Mh.,58,1+1,16 Aralık  2025
12.500 TL,KurupelitKörfez Mh.,60,1+1,19 Aralık  2025
15.000 TL,KurupelitKörfez Mh.,50,1+1,17 Aralık  2025
12.000 TL,MerkezAlanlı Mh.,55,1+1,16 Aralık  2025
16.500 TL,KurupelitKörfez Mh.,55,1+1,20 Aralık  2025
17.000 TL,KurupelitKörfez Mh.,65,1+1,16 Aralık  2025
16.500 TL,KurupelitKörfez Mh.,46,1+1,16 Aralık  2025
16.500 TL,AtakumDenizevleri Mah.,140,3+1,16 Aralık  2025
16.900 TL,KurupelitKörfez Mh.,50,1+1,19 Aralık  2025
16.000 TL,Altınkumİncesu Yalı Mh.,55,1+1,15 Aralık  2025
18.500 TL,AtakentYenimahalle Mah.,55,1+1,16 Aralık  2025
10.000 TL,KurupelitKörfez Mh.,45,1+1,17 Aralık  2025
22.000 TL,AtakentAtakent Mh.,140,3+1,16 Aralık  2025
10.000 TL,KurupelitKörfez Mh.,55,1+1,17 Aralık  2025
25.900 TL,AtakentAtakent Mh.,140,3+1,17 Aralık  2025
20.000 TL,KurupelitKörfez Mh.,85,2+1,17 Aralık  2025
25.000 TL,AtakumCumhuriyet Mah.,115,2+1,17 Aralık  2025
19.000 TL,KurupelitKörfez Mh.,85,2+1,19 Aralık  2025
15.000 TL,AtakumBeypınar Mh.,50,1+1,16 Aralık  2025
15.000 TL,AtakumDenizevleri Mah.,100,2+1,16 Aralık  2025
13.000 TL,AtakentYenimahalle Mah.,55,1+1,18 Aralık  2025
20.000 TL,Atakumİstiklal Mh.,58,1+1,16 Aralık  2025
12.500 TL,KurupelitKörfez Mh.,60,1+1,19 Aralık  2025
15.000 TL,KurupelitKörfez Mh.,50,1+1,17 Aralık  2025
12.000 TL,MerkezAlanlı Mh.,55,1+1,16 Aralık  2025
16.500 TL,KurupelitKörfez Mh.,55,1+1,20 Aralık  2025
17.000 TL,KurupelitKörfez Mh.,65,1+1,16 Aralık  2025
16.500 TL,KurupelitKörfez Mh.,46,1+1,16 Aralık  2025
16.500 TL,AtakumDenizevleri Mah.,140,3+1,16 Aralık  2025
16.900 TL,KurupelitKörfez Mh.,50,1+1,19 Aralık  2025
16.000 TL,Altınkumİncesu Yalı Mh.,55,1+1,15 Aralık  2025
18.500 TL,AtakentYenimahalle Mah.,55,1+1,16 Aralık  2025
10.000 TL,KurupelitKörfez Mh.,45,1+1,17 Aralık  2025
22.000 TL,AtakentAtakent Mh.,140,3+1,16 Aralık  2025
25.900 TL,AtakentAtakent Mh.,140,3+1,17 Aralık  2025
19.000 TL,AtakumCumhuriyet Mah.,50,1+1,16 Aralık  2025
20.000 TL,KurupelitKörfez Mh.,85,2+1,17 Aralık  2025
25.000 TL,AtakumCumhuriyet Mah.,115,2+1,17 Aralık  2025
19.000 TL,KurupelitKörfez Mh.,85,2+1,19 Aralık  2025
15.000 TL,AtakumBeypınar Mh.,50,1+1,16 Aralık  2025
15.000 TL,AtakumDenizevleri Mah.,100,2+1,16 Aralık  2025
13.000 TL,AtakentYenimahalle Mah.,55,1+1,18 Aralık  2025
20.000 TL,Atakumİstiklal Mh.,58,1+1,16 Aralık  2025
12.500 TL,KurupelitKörfez Mh.,60,1+1,19 Aralık  2025
15.000 TL,KurupelitKörfez Mh.,50,1+1,17 Aralık  2025
12.000 TL,MerkezAlanlı Mh.,55,1+1,16 Aralık  2025
16.500 TL,KurupelitKörfez Mh.,55,1+1,20 Aralık  2025
17.000 TL,KurupelitKörfez Mh.,65,1+1,16 Aralık  2025
16.500 TL,KurupelitKörfez Mh.,46,1+1,16 Aralık  2025
16.500 TL,AtakumDenizevleri Mah.,140,3+1,16 Aralık  2025
16.900 TL,KurupelitKörfez Mh.,50,1+1,19 Aralık  2025
16.000 TL,Altınkumİncesu Yalı Mh.,55,1+1,15 Aralık  2025
18.500 TL,AtakentYenimahalle Mah.,55,1+1,16 Aralık  2025
10.000 TL,KurupelitKörfez Mh.,45,1+1,17 Aralık  2025
22.000 TL,AtakentAtakent Mh.,140,3+1,16 Aralık  2025
25.900 TL,AtakentAtakent Mh.,140,3+1,17 Aralık  2025
15.000 TL,MerkezAlanlı Mh.,50,1+1,16 Aralık  2025
20.000 TL,KurupelitKörfez Mh.,85,2+1,17 Aralık  2025
25.000 TL,AtakumCumhuriyet Mah.,115,2+1,17 Aralık  2025
19.000 TL,KurupelitKörfez Mh.,85,2+1,19 Aralık  2025
15.000 TL,AtakumBeypınar Mh.,50,1+1,16 Aralık  2025
15.000 TL,AtakumDenizevleri Mah.,100,2+1,16 Aralık  2025
13.000 TL,AtakentYenimahalle Mah.,55,1+1,18 Aralık  2025
20.000 TL,Atakumİstiklal Mh.,58,1+1,16 Aralık  2025
12.500 TL,KurupelitKörfez Mh.,60,1+1,19 Aralık  2025
15.000 TL,KurupelitKörfez Mh.,50,1+1,17 Aralık  2025
12.000 TL,MerkezAlanlı Mh.,55,1+1,16 Aralık  2025
16.500 TL,KurupelitKörfez Mh.,55,1+1,20 Aralık  2025
17.000 TL,KurupelitKörfez Mh.,65,1+1,16 Aralık  2025
16.500 TL,KurupelitKörfez Mh.,46,1+1,16 Aralık  2025
16.500 TL,AtakumDenizevleri Mah.,140,3+1,16 Aralık  2025
16.900 TL,KurupelitKörfez Mh.,50,1+1,19 Aralık  2025
16.000 TL,Altınkumİncesu Yalı Mh.,55,1+1,15 Aralık  2025
18.500 TL,AtakentYenimahalle Mah.,55,1+1,16 Aralık  2025
10.000 TL,KurupelitKörfez Mh.,45,1+1,17 Aralık  2025
22.000 TL,AtakentAtakent Mh.,140,3+1,16 Aralık  2025
25.900 TL,AtakentAtakent Mh.,140,3+1,17 Aralık  2025
20.000 TL,KurupelitKörfez Mh.,85,2+1,17 Aralık  2025
25.000 TL,AtakumCumhuriyet Mah.,115,2+1,17 Aralık  2025
19.000 TL,KurupelitKörfez Mh.,85,2+1,19 Aralık  2025
15.000 TL,AtakumBeypınar Mh.,50,1+1,16 Aralık  2025
15.000 TL,AtakumDenizevleri Mah.,100,2+1,16 Aralık  2025
13.000 TL,AtakentYenimahalle Mah.,55,1+1,18 Aralık  2025
20.000 TL,Atakumİstiklal Mh.,58,1+1,16 Aralık  2025
12.500 TL,KurupelitKörfez Mh.,60,1+1,19 Aralık  2025
15.000 TL,KurupelitKörfez Mh.,50,1+1,17 Aralık  2025
12.000 TL,MerkezAlanlı Mh.,55,1+1,16 Aralık  2025
16.500 TL,KurupelitKörfez Mh.,55,1+1,20 Aralık  2025
17.000 TL,KurupelitKörfez Mh.,65,1+1,16 Aralık  2025
16.500 TL,KurupelitKörfez Mh.,46,1+1,16 Aralık  2025
16.500 TL,AtakumDenizevleri Mah.,140,3+1,16 Aralık  2025
16.900 TL,KurupelitKörfez Mh.,50,1+1,19 Aralık  2025
16.000 TL,Altınkumİncesu Yalı Mh.,55,1+1,15 Aralık  2025
18.500 TL,AtakentYenimahalle Mah.,55,1+1,16 Aralık  2025
10.000 TL,KurupelitKörfez Mh.,45,1+1,17 Aralık  2025
22.000 TL,AtakentAtakent Mh.,140,3+1,16 Aralık  2025
25.900 TL,AtakentAtakent Mh.,140,3+1,17 Aralık  2025
20.000 TL,KurupelitKörfez Mh.,85,2+1,17 Aralık  2025
25.000 TL,AtakumCumhuriyet Mah.,115,2+1,17 Aralık  2025
18.500 TL,KurupelitKörfez Mh.,140,3+1,16 Aralık  2025
19.000 TL,KurupelitKörfez Mh.,85,2+1,19 Aralık  2025
15.000 TL,AtakumBeypınar Mh.,50,1+1,16 Aralık  2025
15.000 TL,AtakumDenizevleri Mah.,100,2+1,16 Aralık  2025
13.000 TL,AtakentYenimahalle Mah.,55,1+1,18 Aralık  2025
20.000 TL,Atakumİstiklal Mh.,58,1+1,16 Aralık  2025
12.500 TL,KurupelitKörfez Mh.,60,1+1,19 Aralık  2025
15.000 TL,KurupelitKörfez Mh.,50,1+1,17 Aralık  2025
12.000 TL,MerkezAlanlı Mh.,55,1+1,16 Aralık  2025
16.500 TL,KurupelitKörfez Mh.,55,1+1,20 Aralık  2025
17.000 TL,KurupelitKörfez Mh.,65,1+1,16 Aralık  2025
16.500 TL,KurupelitKörfez Mh.,46,1+1,16 Aralık  2025
16.500 TL,AtakumDenizevleri Mah.,140,3+1,16 Aralık  2025
16.900 TL,KurupelitKörfez Mh.,50,1+1,19 Aralık  2025
16.000 TL,Altınkumİncesu Yalı Mh.,55,1+1,15 Aralık  2025
18.500 TL,AtakentYenimahalle Mah.,55,1+1,16 Aralık  2025
10.000 TL,KurupelitKörfez Mh.,45,1+1,17 Aralık  2025
22.000 TL,AtakentAtakent Mh.,140,3+1,16 Aralık  2025
25.900 TL,AtakentAtakent Mh.,140,3+1,17 Aralık  2025
20.000 TL,KurupelitKörfez Mh.,85,2+1,17 Aralık  2025
25.000 TL,AtakumCumhuriyet Mah.,115,2+1,17 Aralık  2025
19.000 TL,KurupelitKörfez Mh.,85,2+1,19 Aralık  2025
15.000 TL,AtakumBeypınar Mh.,50,1+1,16 Aralık  2025
15.000 TL,AtakumDenizevleri Mah.,100,2+1,16 Aralık  2025
13.000 TL,AtakentYenimahalle Mah.,55,1+1,18 Aralık  2025
20.000 TL,Atakumİstiklal Mh.,58,1+1,16 Aralık  2025
12.500 TL,KurupelitKörfez Mh.,60,1+1,19 Aralık  2025
15.000 TL,KurupelitKörfez Mh.,50,1+1,17 Aralık  2025
12.000 TL,MerkezAlanlı Mh.,55,1+1,16 Aralık  2025
16.500 TL,KurupelitKörfez Mh.,55,1+1,20 Aralık  2025
17.000 TL,KurupelitKörfez Mh.,65,1+1,16 Aralık  2025
16.500 TL,KurupelitKörfez Mh.,46,1+1,16 Aralık  2025
16.500 TL,AtakumDenizevleri Mah.,140,3+1,16 Aralık  2025
16.900 TL,KurupelitKörfez Mh.,50,1+1,19 Aralık  2025
16.000 TL,Altınkumİncesu Yalı Mh.,55,1+1,15 Aralık  2025
18.500 TL,AtakentYenimahalle Mah.,55,1+1,16 Aralık  2025
10.000 TL,KurupelitKörfez Mh.,45,1+1,17 Aralık  2025
22.000 TL,AtakentAtakent Mh.,140,3+1,16 Aralık  2025
25.900 TL,AtakentAtakent Mh.,140,3+1,17 Aralık  2025
12.000 TL,MerkezAlanlı Mh.,55,1+1,16 Aralık  2025
20.000 TL,KurupelitKörfez Mh.,85,2+1,17 Aralık  2025
25.000 TL,AtakumCumhuriyet Mah.,115,2+1,17 Aralık  2025
19.000 TL,KurupelitKörfez Mh.,85,2+1,19 Aralık  2025
15.000 TL,AtakumBeypınar Mh.,50,1+1,16 Aralık  2025
15.000 TL,AtakumDenizevleri Mah.,100,2+1,16 Aralık  2025
13.000 TL,AtakentYenimahalle Mah.,55,1+1,18 Aralık  2025
20.000 TL,Atakumİstiklal Mh.,58,1+1,16 Aralık  2025
12.500 TL,KurupelitKörfez Mh.,60,1+1,19 Aralık  2025
15.000 TL,KurupelitKörfez Mh.,50,1+1,17 Aralık  2025
12.000 TL,MerkezAlanlı Mh.,55,1+1,16 Aralık  2025
16.500 TL,KurupelitKörfez Mh.,55,1+1,20 Aralık  2025
17.000 TL,KurupelitKörfez Mh.,65,1+1,16 Aralık  2025
16.500 TL,KurupelitKörfez Mh.,46,1+1,16 Aralık  2025
16.500 TL,AtakumDenizevleri Mah.,140,3+1,16 Aralık  2025
16.900 TL,KurupelitKörfez Mh.,50,1+1,19 Aralık  2025
16.000 TL,Altınkumİncesu Yalı Mh.,55,1+1,15 Aralık  2025
18.500 TL,AtakentYenimahalle Mah.,55,1+1,16 Aralık  2025
10.000 TL,KurupelitKörfez Mh.,45,1+1,17 Aralık  2025
22.000 TL,AtakentAtakent Mh.,140,3+1,16 Aralık  2025
25.900 TL,AtakentAtakent Mh.,140,3+1,17 Aralık  2025
17.000 TL,AtakumDenizevleri Mah.,50,1+1,17 Aralık  2025
20.000 TL,KurupelitKörfez Mh.,85,2+1,17 Aralık  2025
25.000 TL,AtakumCumhuriyet Mah.,115,2+1,17 Aralık  2025
19.000 TL,KurupelitKörfez Mh.,85,2+1,19 Aralık  2025
15.000 TL,AtakumBeypınar Mh.,50,1+1,16 Aralık  2025
15.000 TL,AtakumDenizevleri Mah.,100,2+1,16 Aralık  2025
13.000 TL,AtakentYenimahalle Mah.,55,1+1,18 Aralık  2025
20.000 TL,Atakumİstiklal Mh.,58,1+1,16 Aralık  2025
12.500 TL,KurupelitKörfez Mh.,60,1+1,19 Aralık  2025
15.000 TL,KurupelitKörfez Mh.,50,1+1,17 Aralık  2025
12.000 TL,MerkezAlanlı Mh.,55,1+1,16 Aralık  2025
16.500 TL,KurupelitKörfez Mh.,55,1+1,20 Aralık  2025
17.000 TL,KurupelitKörfez Mh.,65,1+1,16 Aralık  2025
16.500 TL,KurupelitKörfez Mh.,46,1+1,16 Aralık  2025
16.500 TL,AtakumDenizevleri Mah.,140,3+1,16 Aralık  2025
16.900 TL,KurupelitKörfez Mh.,50,1+1,19 Aralık  2025
16.000 TL,Altınkumİncesu Yalı Mh.,55,1+1,15 Aralık  2025
18.500 TL,AtakentYenimahalle Mah.,55,1+1,16 Aralık  2025
10.000 TL,KurupelitKörfez Mh.,45,1+1,17 Aralık  2025
22.000 TL,AtakentAtakent Mh.,140,3+1,16 Aralık  2025
25.900 TL,AtakentAtakent Mh.,140,3+1,17 Aralık  2025
20.000 TL,KurupelitKörfez Mh.,85,2+1,17 Aralık  2025
25.000 TL,AtakumCumhuriyet Mah.,115,2+1,17 Aralık  2025
19.000 TL,KurupelitKörfez Mh.,85,2+1,19 Aralık  2025
15.000 TL,AtakumBeypınar Mh.,50,1+1,16 Aralık  2025
15.000 TL,AtakumDenizevleri Mah.,100,2+1,16 Aralık  2025
13.000 TL,AtakentYenimahalle Mah.,55,1+1,18 Aralık  2025
20.000 TL,Atakumİstiklal Mh.,58,1+1,16 Aralık  2025
12.500 TL,KurupelitKörfez Mh.,60,1+1,19 Aralık  2025
18.500 TL,KurupelitKörfez Mh.,100,2+1,17 Aralık  2025
15.000 TL,KurupelitKörfez Mh.,50,1+1,17 Aralık  2025
12.000 TL,MerkezAlanlı Mh.,55,1+1,16 Aralık  2025
16.500 TL,KurupelitKörfez Mh.,55,1+1,20 Aralık  2025
17.000 TL,KurupelitKörfez Mh.,65,1+1,16 Aralık  2025
16.500 TL,KurupelitKörfez Mh.,46,1+1,16 Aralık  2025
16.500 TL,AtakumDenizevleri Mah.,140,3+1,16 Aralık  2025
16.900 TL,KurupelitKörfez Mh.,50,1+1,19 Aralık  2025
16.000 TL,Altınkumİncesu Yalı Mh.,55,1+1,15 Aralık  2025
18.500 TL,AtakentYenimahalle Mah.,55,1+1,16 Aralık  2025
10.000 TL,KurupelitKörfez Mh.,45,1+1,17 Aralık  2025
22.000 TL,AtakentAtakent Mh.,140,3+1,16 Aralık  2025
25.900 TL,AtakentAtakent Mh.,140,3+1,17 Aralık  2025
20.000 TL,KurupelitKörfez Mh.,85,2+1,17 Aralık  2025
25.000 TL,AtakumCumhuriyet Mah.,115,2+1,17 Aralık  2025
19.000 TL,KurupelitKörfez Mh.,85,2+1,19 Aralık  2025
15.000 TL,AtakumBeypınar Mh.,50,1+1,16 Aralık  2025
10.000 TL,Atakumİstiklal Mh.,55,1+1,17 Aralık  2025
15.000 TL,AtakumDenizevleri Mah.,100,2+1,16 Aralık  2025
13.000 TL,AtakentYenimahalle Mah.,55,1+1,18 Aralık  2025
20.000 TL,Atakumİstiklal Mh.,58,1+1,16 Aralık  2025
12.500 TL,KurupelitKörfez Mh.,60,1+1,19 Aralık  2025
15.000 TL,KurupelitKörfez Mh.,50,1+1,17 Aralık  2025
12.000 TL,MerkezAlanlı Mh.,55,1+1,16 Aralık  2025
16.500 TL,KurupelitKörfez Mh.,55,1+1,20 Aralık  2025
17.000 TL,KurupelitKörfez Mh.,65,1+1,16 Aralık  2025
16.500 TL,KurupelitKörfez Mh.,46,1+1,16 Aralık  2025
16.500 TL,AtakumDenizevleri Mah.,140,3+1,16 Aralık  2025
16.900 TL,KurupelitKörfez Mh.,50,1+1,19 Aralık  2025
16.000 TL,Altınkumİncesu Yalı Mh.,55,1+1,15 Aralık  2025
18.500 TL,AtakentYenimahalle Mah.,55,1+1,16 Aralık  2025
10.000 TL,KurupelitKörfez Mh.,45,1+1,17 Aralık  2025
22.000 TL,AtakentAtakent Mh.,140,3+1,16 Aralık  2025
25.900 TL,AtakentAtakent Mh.,140,3+1,17 Aralık  2025
20.000 TL,KurupelitKörfez Mh.,85,2+1,17 Aralık  2025
25.000 TL,AtakumCumhuriyet Mah.,115,2+1,17 Aralık  2025
19.000 TL,KurupelitKörfez Mh.,85,2+1,19 Aralık  2025
15.000 TL,AtakumBeypınar Mh.,50,1+1,16 Aralık  2025
15.000 TL,AtakumDenizevleri Mah.,100,2+1,16 Aralık  2025
13.000 TL,AtakentYenimahalle Mah.,55,1+1,18 Aralık  2025
20.000 TL,Atakumİstiklal Mh.,58,1+1,16 Aralık  2025
16.000 TL,AtakentYenimahalle Mah.,55,1+1,16 Aralık  2025
12.500 TL,KurupelitKörfez Mh.,60,1+1,19 Aralık  2025
15.000 TL,KurupelitKörfez Mh.,50,1+1,17 Aralık  2025
12.000 TL,MerkezAlanlı Mh.,55,1+1,16 Aralık  2025
16.500 TL,KurupelitKörfez Mh.,55,1+1,20 Aralık  2025
17.000 TL,KurupelitKörfez Mh.,65,1+1,16 Aralık  2025
16.500 TL,KurupelitKörfez Mh.,46,1+1,16 Aralık  2025
16.500 TL,AtakumDenizevleri Mah.,140,3+1,16 Aralık  2025
16.900 TL,KurupelitKörfez Mh.,50,1+1,19 Aralık  2025
16.000 TL,Altınkumİncesu Yalı Mh.,55,1+1,15 Aralık  2025
18.500 TL,AtakentYenimahalle Mah.,55,1+1,16 Aralık  2025
10.000 TL,KurupelitKörfez Mh.,45,1+1,17 Aralık  2025
16.900 TL,KurupelitKörfez Mh.,46,1+1,17 Aralık  2025
22.000 TL,AtakentAtakent Mh.,140,3+1,16 Aralık  2025
25.900 TL,AtakentAtakent Mh.,140,3+1,17 Aralık  2025
20.000 TL,KurupelitKörfez Mh.,85,2+1,17 Aralık  2025
25.000 TL,AtakumCumhuriyet Mah.,115,2+1,17 Aralık  2025
19.000 TL,KurupelitKörfez Mh.,85,2+1,19 Aralık  2025
15.000 TL,AtakumBeypınar Mh.,50,1+1,16 Aralık  2025
15.000 TL,AtakumDenizevleri Mah.,100,2+1,16 Aralık  2025
13.000 TL,AtakentYenimahalle Mah.,55,1+1,18 Aralık  2025
20.000 TL,Atakumİstiklal Mh.,58,1+1,16 Aralık  2025
12.500 TL,KurupelitKörfez Mh.,60,1+1,19 Aralık  2025
15.000 TL,KurupelitKörfez Mh.,50,1+1,17 Aralık  2025
12.000 TL,MerkezAlanlı Mh.,55,1+1,16 Aralık  2025
16.500 TL,KurupelitKörfez Mh.,55,1+1,20 Aralık  2025
17.000 TL,KurupelitKörfez Mh.,65,1+1,16 Aralık  2025
16.500 TL,KurupelitKörfez Mh.,46,1+1,16 Aralık  2025
16.500 TL,AtakumDenizevleri Mah.,140,3+1,16 Aralık  2025
16.900 TL,KurupelitKörfez Mh.,50,1+1,19 Aralık  2025
16.000 TL,Altınkumİncesu Yalı Mh.,55,1+1,15 Aralık  2025
18.500 TL,AtakentYenimahalle Mah.,55,1+1,16 Aralık  2025
10.000 TL,KurupelitKörfez Mh.,45,1+1,17 Aralık  2025
22.000 TL,AtakentAtakent Mh.,140,3+1,16 Aralık  2025
25.900 TL,AtakentAtakent Mh.,140,3+1,17 Aralık  2025
20.000 TL,KurupelitKörfez Mh.,85,2+1,17 Aralık  2025
25.000 TL,AtakumCumhuriyet Mah.,115,2+1,17 Aralık  2025
19.000 TL,KurupelitKörfez Mh.,85,2+1,19 Aralık  2025
15.000 TL,AtakumBeypınar Mh.,50,1+1,16 Aralık  2025
15.000 TL,AtakumDenizevleri Mah.,100,2+1,16 Aralık  2025
13.000 TL,AtakentYenimahalle Mah.,55,1+1,18 Aralık  2025
20.000 TL,Atakumİstiklal Mh.,58,1+1,16 Aralık  2025
12.500 TL,KurupelitKörfez Mh.,60,1+1,19 Aralık  2025
15.000 TL,KurupelitKörfez Mh.,50,1+1,16 Aralık  2025
15.000 TL,KurupelitKörfez Mh.,50,1+1,17 Aralık  2025
12.000 TL,MerkezAlanlı Mh.,55,1+1,16 Aralık  2025
16.500 TL,KurupelitKörfez Mh.,55,1+1,20 Aralık  2025
17.000 TL,KurupelitKörfez Mh.,65,1+1,16 Aralık  2025
16.500 TL,KurupelitKörfez Mh.,46,1+1,16 Aralık  2025
16.500 TL,AtakumDenizevleri Mah.,140,3+1,16 Aralık  2025
16.900 TL,KurupelitKörfez Mh.,50,1+1,19 Aralık  2025
16.000 TL,Altınkumİncesu Yalı Mh.,55,1+1,15 Aralık  2025
